id,activity_date,total_steps,total_distance,very_active_minutes,fairly_active_minutes,lightly_active_minutes,sedentary_minutes,total_active_minutes,calories,complete_day,zero_activity_day,sleep_hours,time_in_bed_hours,total_sleep_records,sleep_group,day_name,day_type
1503960366,2016-04-12,13162,8.5,25,13,328,728,366,1985,False,False,5.45,5.766666666666667,1,5–7h,Tuesday,Weekday
1503960366,2016-04-13,10735,6.96999979019165,21,19,217,776,257,1797,False,False,6.4,6.783333333333333,2,5–7h,Wednesday,Weekday
1503960366,2016-04-15,9762,6.28000020980835,29,34,209,726,272,1745,False,False,6.866666666666666,7.366666666666666,1,5–7h,Friday,Weekday
1503960366,2016-04-16,12669,8.15999984741211,36,10,221,773,267,1863,False,False,5.666666666666667,6.116666666666666,2,5–7h,Saturday,Weekend
1503960366,2016-04-17,9705,6.48000001907349,38,20,164,539,222,1728,False,False,11.666666666666666,11.866666666666667,1,9h+,Sunday,Weekend
1503960366,2016-04-19,15506,9.88000011444092,50,31,264,775,345,2035,False,False,5.066666666666666,5.333333333333333,1,5–7h,Tuesday,Weekday
1503960366,2016-04-20,10544,6.67999982833862,28,12,205,818,245,1786,False,False,6.0,6.283333333333333,1,5–7h,Wednesday,Weekday
1503960366,2016-04-21,9819,6.34000015258789,19,8,211,838,238,1775,False,False,5.416666666666667,6.066666666666666,1,5–7h,Thursday,Weekday
1503960366,2016-04-23,14371,9.03999996185303,41,21,262,732,324,1949,False,False,6.016666666666667,6.4,1,5–7h,Saturday,Weekend
1503960366,2016-04-24,10039,6.40999984741211,39,5,238,709,282,1788,False,False,7.166666666666667,7.483333333333333,1,7–9h,Sunday,Weekend
1503960366,2016-04-25,15355,9.80000019073486,73,14,216,814,303,2013,False,False,4.616666666666666,5.383333333333334,1,Less than 5h,Monday,Weekday
1503960366,2016-04-26,13755,8.78999996185303,31,23,279,833,333,1970,False,False,4.083333333333333,4.566666666666666,1,Less than 5h,Tuesday,Weekday
1503960366,2016-04-28,13154,8.52999973297119,48,28,189,782,265,1898,False,False,6.1,6.55,1,5–7h,Thursday,Weekday
1503960366,2016-04-29,11181,7.15000009536743,16,12,243,815,271,1837,False,False,5.683333333333334,5.9,1,5–7h,Friday,Weekday
1503960366,2016-04-30,14673,9.25,52,34,217,712,303,1947,False,False,6.733333333333333,7.083333333333333,1,5–7h,Saturday,Weekend
1503960366,2016-05-01,10602,6.80999994277954,33,35,246,730,314,1820,False,False,6.15,6.6,1,5–7h,Sunday,Weekend
1503960366,2016-05-02,14727,9.71000003814697,41,15,277,798,333,2004,False,False,4.616666666666666,5.15,1,Less than 5h,Monday,Weekday
1503960366,2016-05-03,15103,9.65999984741211,50,24,254,816,328,1990,False,False,4.55,4.933333333333334,1,Less than 5h,Tuesday,Weekday
1503960366,2016-05-05,14070,8.89999961853027,45,24,250,857,319,1959,False,False,4.116666666666666,4.4,1,Less than 5h,Thursday,Weekday
1503960366,2016-05-06,12159,8.02999973297119,24,6,289,754,319,1896,False,False,5.566666666666666,6.116666666666666,1,5–7h,Friday,Weekday
1503960366,2016-05-07,11992,7.71000003814697,37,46,175,833,258,1821,False,False,5.516666666666667,5.816666666666666,1,5–7h,Saturday,Weekend
1503960366,2016-05-08,10060,6.57999992370605,44,8,203,574,255,1740,False,False,9.9,10.183333333333334,1,9h+,Sunday,Weekend
1503960366,2016-05-09,12022,7.71999979019165,46,11,206,835,263,1819,False,False,5.633333333333334,5.7,1,5–7h,Monday,Weekday
1503960366,2016-05-10,12207,7.76999998092651,46,31,214,746,291,1859,False,False,6.383333333333334,6.716666666666667,1,5–7h,Tuesday,Weekday
1503960366,2016-05-11,12770,8.13000011444092,36,23,251,669,310,1783,False,False,4.75,5.1,1,Less than 5h,Wednesday,Weekday
1644430081,2016-04-29,3176,2.30999994277954,0,0,120,1193,120,2498,False,False,1.9833333333333332,2.1166666666666667,1,Less than 5h,Friday,Weekday
1644430081,2016-04-30,18213,13.2399997711182,9,71,402,816,482,3846,False,False,2.066666666666667,2.3666666666666667,1,Less than 5h,Saturday,Weekend
1644430081,2016-05-02,3758,2.73000001907349,1,7,148,682,156,2580,False,False,13.266666666666667,16.016666666666666,1,9h+,Monday,Weekday
1644430081,2016-05-08,6724,4.8899998664856,0,0,295,991,295,2987,False,False,2.283333333333333,2.566666666666667,1,Less than 5h,Sunday,Weekend
1844505072,2016-04-15,3844,2.53999996185303,0,0,176,527,176,1725,False,False,10.733333333333333,16.016666666666666,1,9h+,Friday,Weekday
1844505072,2016-04-30,4014,2.67000007629395,0,0,184,218,184,1763,False,False,12.033333333333331,16.016666666666666,1,9h+,Saturday,Weekend
1844505072,2016-05-01,2573,1.70000004768372,0,7,75,585,82,1541,False,False,9.833333333333334,16.016666666666666,1,9h+,Sunday,Weekend
1927972279,2016-04-12,678,0.469999998807907,0,0,55,734,55,2220,False,False,12.5,12.916666666666666,3,9h+,Tuesday,Weekday
1927972279,2016-04-13,356,0.25,0,0,32,986,32,2151,False,False,6.633333333333334,7.033333333333333,1,5–7h,Wednesday,Weekday
1927972279,2016-04-15,980,0.680000007152557,0,0,51,941,51,2221,False,False,7.916666666666667,8.316666666666666,2,7–9h,Friday,Weekday
1927972279,2016-04-26,3761,2.59999990463257,0,0,192,1058,192,2638,False,False,4.933333333333334,5.25,1,Less than 5h,Tuesday,Weekday
1927972279,2016-04-28,1675,1.1599999666214,0,0,95,1167,95,2351,False,False,2.7666666666666666,2.966666666666667,1,Less than 5h,Thursday,Weekday
2026352035,2016-04-12,4414,2.74000000953674,3,8,181,706,192,1459,False,False,8.383333333333333,9.1,1,7–9h,Tuesday,Weekday
2026352035,2016-04-13,4993,3.09999990463257,0,0,238,663,238,1521,False,False,8.85,9.416666666666666,1,7–9h,Wednesday,Weekday
2026352035,2016-04-14,3335,2.0699999332428,0,0,197,653,197,1431,False,False,9.083333333333334,9.466666666666669,1,9h+,Thursday,Weekday
2026352035,2016-04-15,3821,2.36999988555908,0,0,188,687,188,1444,False,False,8.716666666666667,9.55,1,7–9h,Friday,Weekday
2026352035,2016-04-16,2547,1.58000004291534,0,0,150,728,150,1373,False,False,8.733333333333333,9.45,1,7–9h,Saturday,Weekend
2026352035,2016-04-17,838,0.519999980926514,0,0,60,1053,60,1214,False,False,7.283333333333333,8.3,1,7–9h,Sunday,Weekend
2026352035,2016-04-19,2424,1.5,0,0,141,785,141,1356,False,False,8.3,9.0,1,7–9h,Tuesday,Weekday
2026352035,2016-04-20,7222,4.48000001907349,0,0,327,623,327,1667,False,False,7.683333333333334,8.5,1,7–9h,Wednesday,Weekday
2026352035,2016-04-21,2467,1.52999997138977,0,0,153,749,153,1370,False,False,7.95,8.566666666666666,1,7–9h,Thursday,Weekday
2026352035,2016-04-22,2915,1.80999994277954,0,0,162,712,162,1399,False,False,8.666666666666666,9.083333333333334,1,7–9h,Friday,Weekday
2026352035,2016-04-23,12357,7.71000003814697,0,0,432,458,432,1916,False,False,8.7,9.233333333333333,1,7–9h,Saturday,Weekend
2026352035,2016-04-24,3490,2.16000008583069,0,0,164,704,164,1401,False,False,9.25,9.85,1,9h+,Sunday,Weekend
2026352035,2016-04-25,6017,3.73000001907349,0,0,260,821,260,1576,False,False,8.433333333333334,8.85,1,7–9h,Monday,Weekday
2026352035,2016-04-27,6088,3.76999998092651,0,0,286,586,286,1593,False,False,8.466666666666667,9.083333333333334,1,7–9h,Wednesday,Weekday
2026352035,2016-04-28,6375,3.95000004768372,0,0,331,626,331,1649,False,False,8.55,9.083333333333334,1,7–9h,Thursday,Weekday
2026352035,2016-04-29,7604,4.71000003814697,0,0,352,492,352,1692,False,False,8.166666666666666,8.5,1,7–9h,Friday,Weekday
2026352035,2016-04-30,4729,2.9300000667572,0,0,233,594,233,1506,False,False,9.55,10.116666666666667,1,9h+,Saturday,Weekend
2026352035,2016-05-01,3609,2.27999997138977,0,0,191,716,191,1447,False,False,8.783333333333333,9.1,1,7–9h,Sunday,Weekend
2026352035,2016-05-02,7018,4.34999990463257,0,0,355,716,355,1690,False,False,8.516666666666667,9.05,1,7–9h,Monday,Weekday
2026352035,2016-05-04,6564,4.07000017166138,0,0,345,530,345,1658,False,False,8.966666666666667,9.333333333333334,1,7–9h,Wednesday,Weekday
2026352035,2016-05-05,12167,7.53999996185303,0,0,475,479,475,1926,False,False,7.8,8.083333333333334,1,7–9h,Thursday,Weekday
2026352035,2016-05-06,8198,5.07999992370605,0,0,383,511,383,1736,False,False,8.733333333333333,9.133333333333333,1,7–9h,Friday,Weekday
2026352035,2016-05-07,4193,2.59999990463257,0,0,229,665,229,1491,False,False,8.516666666666667,8.683333333333334,1,7–9h,Saturday,Weekend
2026352035,2016-05-08,5528,3.45000004768372,0,0,258,610,258,1555,False,False,9.016666666666667,9.466666666666669,1,9h+,Sunday,Weekend
2026352035,2016-05-09,10685,6.61999988555908,0,0,401,543,401,1869,False,False,8.85,9.266666666666667,1,7–9h,Monday,Weekday
2026352035,2016-05-10,254,0.159999996423721,0,0,17,1002,17,1141,False,False,5.95,6.333333333333333,1,5–7h,Tuesday,Weekday
2026352035,2016-05-11,8580,5.32000017166138,0,0,330,569,330,1698,False,False,8.716666666666667,9.216666666666669,1,7–9h,Wednesday,Weekday
2026352035,2016-05-12,8891,5.51000022888184,0,0,343,330,343,1364,False,False,7.6,8.083333333333334,1,7–9h,Thursday,Weekday
2320127002,2016-04-23,5079,3.42000007629395,0,0,242,1129,242,1804,False,False,1.0166666666666666,1.15,1,Less than 5h,Saturday,Weekend
2347167796,2016-04-13,10352,7.01000022888184,19,32,195,676,246,2038,False,False,7.783333333333333,8.85,1,7–9h,Wednesday,Weekday
2347167796,2016-04-14,10129,6.69999980926514,1,48,206,705,255,2010,False,False,7.416666666666667,8.15,1,7–9h,Thursday,Weekday
2347167796,2016-04-15,10465,6.92000007629395,1,24,284,720,309,2133,False,False,7.533333333333333,8.4,1,7–9h,Friday,Weekday
2347167796,2016-04-17,5472,3.61999988555908,1,7,249,508,257,1882,False,False,9.266666666666667,10.033333333333331,1,9h+,Sunday,Weekend
2347167796,2016-04-18,8247,5.44999980926514,11,16,206,678,233,1944,False,False,8.333333333333334,9.283333333333331,1,7–9h,Monday,Weekday
2347167796,2016-04-19,6711,4.44000005722046,0,7,382,648,389,2346,False,False,7.75,8.566666666666666,1,7–9h,Tuesday,Weekday
2347167796,2016-04-21,10080,6.75,23,26,208,761,257,2048,False,False,7.666666666666667,8.066666666666666,1,7–9h,Thursday,Weekday
2347167796,2016-04-22,7804,5.15999984741211,9,27,206,781,242,1946,False,False,6.75,7.683333333333334,1,5–7h,Friday,Weekday
2347167796,2016-04-23,16901,11.3699998855591,32,35,360,591,427,2629,False,False,6.233333333333333,6.433333333333334,1,5–7h,Saturday,Weekend
2347167796,2016-04-24,9471,6.26000022888184,0,0,360,584,360,2187,False,False,7.366666666666666,7.65,1,7–9h,Sunday,Weekend
2347167796,2016-04-25,9482,6.38000011444092,15,11,277,653,303,2095,False,False,7.216666666666667,7.85,1,7–9h,Monday,Weekday
2347167796,2016-04-26,5980,3.95000004768372,0,0,227,732,227,1861,False,False,7.266666666666667,8.166666666666666,1,7–9h,Tuesday,Weekday
2347167796,2016-04-27,11423,7.57999992370605,26,9,295,623,330,2194,False,False,7.466666666666667,8.316666666666666,1,7–9h,Wednesday,Weekday
2347167796,2016-04-28,5439,3.59999990463257,0,0,229,764,229,1854,False,False,6.8,7.5,1,5–7h,Thursday,Weekday
2347167796,2016-04-29,42,0.0299999993294477,0,0,4,2,4,403,False,False,6.85,7.883333333333334,1,5–7h,Friday,Weekday
3977333714,2016-04-12,8856,5.98000001907349,44,19,131,777,194,1450,False,False,4.566666666666666,7.816666666666666,1,Less than 5h,Tuesday,Weekday
3977333714,2016-04-13,10035,6.71000003814697,31,46,153,754,230,1495,False,False,4.916666666666667,7.6,2,Less than 5h,Wednesday,Weekday
3977333714,2016-04-14,7641,5.1100001335144,5,23,214,801,242,1433,False,False,4.85,6.616666666666666,1,Less than 5h,Thursday,Weekday
3977333714,2016-04-15,9010,6.05999994277954,15,42,183,644,240,1468,False,False,7.066666666666666,9.266666666666667,1,7–9h,Friday,Weekday
3977333714,2016-04-16,13459,9.0,31,83,153,663,267,1625,False,False,4.716666666666667,8.5,1,Less than 5h,Saturday,Weekend
3977333714,2016-04-17,10415,6.96999979019165,11,58,205,600,274,1529,False,False,6.35,9.433333333333334,1,5–7h,Sunday,Weekend
3977333714,2016-04-18,11663,7.80000019073486,4,95,214,605,313,1584,False,False,6.866666666666666,8.7,2,5–7h,Monday,Weekday
3977333714,2016-04-19,12414,8.77999973297119,19,67,221,738,307,1638,False,False,3.65,6.583333333333333,1,Less than 5h,Tuesday,Weekday
3977333714,2016-04-20,11658,7.82999992370605,2,98,164,845,264,1554,False,False,2.533333333333333,5.083333333333333,2,Less than 5h,Wednesday,Weekday
3977333714,2016-04-21,6093,4.07999992370605,0,0,242,712,242,1397,False,False,5.533333333333333,8.533333333333333,1,5–7h,Thursday,Weekday
3977333714,2016-04-22,8911,5.96000003814697,33,12,188,731,233,1481,False,False,5.916666666666667,7.933333333333334,1,5–7h,Friday,Weekday
3977333714,2016-04-23,12058,8.06999969482422,0,92,252,724,344,1638,False,False,3.9166666666666665,6.2,1,Less than 5h,Saturday,Weekend
3977333714,2016-04-24,14112,10.0,30,95,129,660,254,1655,False,False,5.166666666666667,8.766666666666667,1,5–7h,Sunday,Weekend
3977333714,2016-04-25,11177,8.47999954223633,50,9,133,781,192,1570,False,False,4.366666666666666,7.783333333333333,1,Less than 5h,Monday,Weekday
3977333714,2016-04-26,11388,7.61999988555908,7,95,170,797,272,1551,False,False,4.166666666666667,6.183333333333334,1,Less than 5h,Tuesday,Weekday
3977333714,2016-04-27,7193,5.03999996185303,0,10,176,714,186,1377,False,False,5.816666666666666,9.0,1,5–7h,Wednesday,Weekday
3977333714,2016-04-28,7114,4.88000011444092,15,8,190,804,213,1407,False,False,4.35,7.05,1,Less than 5h,Thursday,Weekday
3977333714,2016-04-29,10645,7.75,36,32,150,744,218,1545,False,False,5.55,7.966666666666667,1,5–7h,Friday,Weekday
3977333714,2016-04-30,13238,9.19999980926514,43,52,194,687,289,1650,False,False,3.95,6.366666666666666,1,Less than 5h,Saturday,Weekend
3977333714,2016-05-01,10414,7.07000017166138,41,40,124,691,205,1501,False,False,6.383333333333334,10.433333333333334,1,5–7h,Sunday,Weekend
3977333714,2016-05-02,16520,11.0500001907349,24,143,176,713,343,1760,False,False,3.8333333333333335,6.4,1,Less than 5h,Monday,Weekday
3977333714,2016-05-03,14335,9.59000015258789,47,41,258,594,346,1710,False,False,4.866666666666666,8.333333333333334,1,Less than 5h,Tuesday,Weekday
3977333714,2016-05-04,13559,9.4399995803833,14,96,142,852,252,1628,False,False,3.55,5.6,1,Less than 5h,Wednesday,Weekday
3977333714,2016-05-05,12312,8.57999992370605,14,88,178,680,280,1618,False,False,5.3,8.0,1,5–7h,Thursday,Weekday
3977333714,2016-05-06,11677,8.27999973297119,29,55,168,676,252,1590,False,False,5.383333333333334,8.533333333333333,1,5–7h,Friday,Weekday
3977333714,2016-05-07,11550,7.73000001907349,0,86,208,703,294,1574,False,False,3.95,7.383333333333334,1,Less than 5h,Saturday,Weekend
3977333714,2016-05-08,13585,9.09000015258789,9,116,171,688,296,1633,False,False,4.316666666666666,7.6,2,Less than 5h,Sunday,Weekend
3977333714,2016-05-10,13072,8.77999973297119,1,115,196,676,312,1630,False,False,5.2,7.533333333333333,1,5–7h,Tuesday,Weekday
4020332650,2016-04-12,8539,6.11999988555908,4,15,331,712,350,3654,False,False,8.35,9.016666666666667,1,7–9h,Tuesday,Weekday
4020332650,2016-04-16,1982,1.41999995708466,65,21,55,1222,141,3051,False,False,1.2833333333333334,1.2833333333333334,1,Less than 5h,Saturday,Weekend
4020332650,2016-05-03,4496,3.22000002861023,0,0,174,950,174,2828,False,False,5.366666666666666,5.533333333333333,1,5–7h,Tuesday,Weekday
4020332650,2016-05-04,10252,7.34999990463257,13,46,346,531,405,3879,False,False,7.966666666666667,8.933333333333334,1,7–9h,Wednesday,Weekday
4020332650,2016-05-05,11728,8.43000030517578,38,42,196,916,276,3429,False,False,3.7666666666666666,4.133333333333334,1,Less than 5h,Thursday,Weekday
4020332650,2016-05-06,4369,3.13000011444092,0,0,177,855,177,2704,False,False,6.416666666666667,6.8,1,5–7h,Friday,Weekday
4020332650,2016-05-08,5862,4.19999980926514,0,0,263,775,263,3089,False,False,6.066666666666666,6.7,1,5–7h,Sunday,Weekend
4020332650,2016-05-10,5546,3.98000001907349,0,0,206,774,206,2926,False,False,7.366666666666666,8.233333333333333,1,7–9h,Tuesday,Weekday
4319703577,2016-04-14,10210,6.88000011444092,1,9,339,589,349,2302,False,False,8.916666666666666,9.283333333333331,1,7–9h,Thursday,Weekday
4319703577,2016-04-15,5664,3.79999995231628,0,0,228,752,228,1985,False,False,7.75,8.183333333333334,1,7–9h,Friday,Weekday
4319703577,2016-04-16,4744,3.1800000667572,0,0,194,724,194,1884,False,False,8.433333333333334,8.7,1,7–9h,Saturday,Weekend
4319703577,2016-04-18,2276,1.54999995231628,1,9,58,824,68,1632,False,False,8.583333333333334,9.183333333333334,1,7–9h,Monday,Weekday
4319703577,2016-04-19,8925,5.98999977111816,0,0,311,604,311,2200,False,False,7.683333333333334,8.3,2,7–9h,Tuesday,Weekday
4319703577,2016-04-20,8954,6.01000022888184,0,18,306,671,324,2220,False,False,8.716666666666667,9.05,1,7–9h,Wednesday,Weekday
4319703577,2016-04-21,3702,2.48000001907349,0,0,34,1265,34,1792,False,False,0.9833333333333332,1.0833333333333333,1,Less than 5h,Thursday,Weekday
4319703577,2016-04-22,4500,3.01999998092651,1,19,176,709,196,1886,False,False,8.883333333333333,9.166666666666666,1,7–9h,Friday,Weekday
4319703577,2016-04-23,4935,3.30999994277954,0,0,233,546,233,1945,False,False,11.533333333333331,12.033333333333331,1,9h+,Saturday,Weekend
4319703577,2016-04-24,4081,2.74000000953674,1,5,191,692,197,1880,False,False,7.783333333333333,8.35,1,7–9h,Sunday,Weekend
4319703577,2016-04-25,9259,6.21000003814697,0,8,390,544,398,2314,False,False,8.133333333333333,8.433333333333334,1,7–9h,Monday,Weekday
4319703577,2016-04-26,9899,6.6399998664856,8,21,288,649,317,2236,False,False,8.416666666666666,8.6,1,7–9h,Tuesday,Weekday
4319703577,2016-04-27,10780,7.23000001907349,6,47,300,680,353,2324,False,False,4.766666666666667,5.116666666666666,1,Less than 5h,Wednesday,Weekday
4319703577,2016-04-28,10817,7.28000020980835,13,8,359,552,380,2367,False,False,8.283333333333333,8.7,1,7–9h,Thursday,Weekday
4319703577,2016-04-29,7990,5.3600001335144,6,18,289,624,313,2175,False,False,8.716666666666667,9.1,1,7–9h,Friday,Weekday
4319703577,2016-04-30,8221,5.51999998092651,6,38,196,695,240,2092,False,False,8.166666666666666,8.6,1,7–9h,Saturday,Weekend
4319703577,2016-05-01,1251,0.839999973773956,0,0,67,836,67,1593,False,False,8.066666666666666,8.333333333333334,1,7–9h,Sunday,Weekend
4319703577,2016-05-02,9261,6.23999977111816,0,11,344,585,355,2270,False,False,7.966666666666667,8.433333333333334,1,7–9h,Monday,Weekday
4319703577,2016-05-03,9648,6.46999979019165,8,26,287,669,321,2235,False,False,7.9,8.533333333333333,1,7–9h,Tuesday,Weekday
4319703577,2016-05-06,9524,6.42000007629395,6,11,314,692,331,2266,False,False,7.5,8.183333333333334,1,7–9h,Friday,Weekday
4319703577,2016-05-07,7937,5.32999992370605,3,28,279,586,310,2158,False,False,8.45,8.833333333333334,1,7–9h,Saturday,Weekend
4319703577,2016-05-08,3672,2.46000003814697,0,0,153,603,153,1792,False,False,10.033333333333331,10.633333333333333,1,9h+,Sunday,Weekend
4319703577,2016-05-09,10378,6.96000003814697,2,14,374,490,390,2345,False,False,8.916666666666666,9.416666666666666,1,7–9h,Monday,Weekday
4319703577,2016-05-10,9487,6.36999988555908,3,12,329,555,344,2260,False,False,8.116666666666667,8.616666666666667,1,7–9h,Tuesday,Weekday
4319703577,2016-05-11,9129,6.13000011444092,3,18,311,574,332,2232,False,False,8.816666666666666,9.3,1,7–9h,Wednesday,Weekday
4319703577,2016-05-12,17,0.0099999997764825,0,0,2,0,2,257,False,False,5.033333333333333,5.35,1,5–7h,Thursday,Weekday
4388161847,2016-04-15,8758,6.73000001907349,0,0,299,837,299,3066,False,False,8.316666666666666,8.766666666666667,1,7–9h,Friday,Weekday
4388161847,2016-04-16,6580,5.05999994277954,6,9,253,609,268,3073,False,False,7.1,7.466666666666667,2,7–9h,Saturday,Weekend
4388161847,2016-04-17,4660,3.57999992370605,0,0,201,721,201,2572,False,False,10.316666666666666,10.683333333333334,2,9h+,Sunday,Weekend
4388161847,2016-04-18,11009,9.10000038146973,27,8,239,1017,274,3274,False,False,1.65,1.7333333333333334,1,Less than 5h,Monday,Weekday
4388161847,2016-04-19,10181,7.82999992370605,20,16,249,704,285,3015,False,False,5.483333333333333,5.633333333333334,1,5–7h,Tuesday,Weekday
4388161847,2016-04-20,10553,8.11999988555908,19,42,228,696,289,3083,False,False,7.016666666666667,7.516666666666667,1,7–9h,Wednesday,Weekday
4388161847,2016-04-21,10055,7.73000001907349,7,12,272,853,291,3069,False,False,7.366666666666666,7.633333333333334,1,7–9h,Thursday,Weekday
4388161847,2016-04-22,12139,9.34000015258789,77,25,220,945,322,3544,False,False,1.3666666666666667,1.4166666666666667,1,Less than 5h,Friday,Weekday
4388161847,2016-04-23,13236,10.1800003051758,58,5,215,749,278,3306,False,False,7.966666666666667,8.35,1,7–9h,Saturday,Weekend
4388161847,2016-04-24,10243,7.88000011444092,14,8,239,584,261,2885,False,False,9.2,9.916666666666666,3,9h+,Sunday,Weekend
4388161847,2016-04-26,9461,7.28000020980835,14,23,224,673,261,2929,False,False,5.316666666666666,5.766666666666667,1,5–7h,Tuesday,Weekday
4388161847,2016-04-27,11193,8.60999965667725,11,48,241,684,300,3074,False,False,7.316666666666666,8.333333333333334,1,7–9h,Wednesday,Weekday
4388161847,2016-04-28,10074,7.75,19,9,234,878,262,2969,False,False,7.133333333333334,7.633333333333334,1,7–9h,Thursday,Weekday
4388161847,2016-04-30,12533,9.64000034332275,14,43,300,537,357,3283,False,False,6.816666666666666,7.166666666666667,2,5–7h,Saturday,Weekend
4388161847,2016-05-01,10255,7.8899998664856,12,15,241,579,268,2926,False,False,9.116666666666667,9.95,1,9h+,Sunday,Weekend
4388161847,2016-05-02,10096,8.39999961853027,33,4,204,935,241,3147,False,False,6.133333333333334,6.266666666666667,2,5–7h,Monday,Weekday
4388161847,2016-05-04,12375,9.52000045776367,35,21,251,632,307,3162,False,False,6.5,6.9,1,5–7h,Wednesday,Weekday
4388161847,2016-05-05,9603,7.38000011444092,12,39,199,896,250,2899,False,False,7.85,8.25,1,7–9h,Thursday,Weekday
4388161847,2016-05-07,22770,17.5400009155273,120,56,260,508,436,4022,False,False,7.866666666666666,8.266666666666667,1,7–9h,Saturday,Weekend
4388161847,2016-05-08,17298,14.3800001144409,107,38,178,576,323,3934,False,False,8.816666666666666,9.016666666666667,2,7–9h,Sunday,Weekend
4388161847,2016-05-09,10218,7.8600001335144,6,19,258,1020,283,3013,False,False,1.0333333333333334,1.0833333333333333,1,Less than 5h,Monday,Weekday
4388161847,2016-05-10,10299,7.92000007629395,13,14,267,648,294,3061,False,False,5.9,6.25,1,5–7h,Tuesday,Weekday
4388161847,2016-05-11,10201,7.84000015258789,8,18,256,858,282,2954,False,False,7.816666666666666,8.233333333333333,1,7–9h,Wednesday,Weekday
4445114986,2016-04-12,3276,2.20000004768372,0,0,196,787,196,2113,False,False,7.15,7.616666666666666,2,7–9h,Tuesday,Weekday
4445114986,2016-04-13,2961,1.99000000953674,0,0,194,840,194,2095,False,False,6.166666666666667,6.766666666666667,2,5–7h,Wednesday,Weekday
4445114986,2016-04-14,3974,2.67000007629395,0,0,231,717,231,2194,False,False,7.35,8.2,1,7–9h,Thursday,Weekday
4445114986,2016-04-15,7198,4.82999992370605,0,0,350,711,350,2496,False,False,5.616666666666666,6.316666666666666,2,5–7h,Friday,Weekday
4445114986,2016-04-16,3945,2.65000009536743,0,0,225,716,225,2180,False,False,7.7,8.316666666666666,1,7–9h,Saturday,Weekend
4445114986,2016-04-17,2268,1.51999998092651,0,0,114,1219,114,1933,False,False,1.6333333333333333,1.7833333333333334,1,Less than 5h,Sunday,Weekend
4445114986,2016-04-19,2064,1.38999998569489,0,0,121,895,121,1954,False,False,6.466666666666667,7.066666666666666,2,5–7h,Tuesday,Weekday
4445114986,2016-04-20,2072,1.38999998569489,0,0,137,841,137,1974,False,False,7.316666666666666,7.7,1,7–9h,Wednesday,Weekday
4445114986,2016-04-21,3809,2.55999994277954,0,0,215,756,215,2150,False,False,7.266666666666667,7.816666666666666,1,7–9h,Thursday,Weekday
4445114986,2016-04-22,6831,4.57999992370605,0,0,317,706,317,2432,False,False,6.466666666666667,6.95,1,5–7h,Friday,Weekday
4445114986,2016-04-25,3385,2.26999998092651,0,0,179,916,179,2070,False,False,5.466666666666667,5.75,1,5–7h,Monday,Weekday
4445114986,2016-04-26,6326,4.40999984741211,29,1,180,839,210,2291,False,False,5.883333333333334,6.516666666666667,2,5–7h,Tuesday,Weekday
4445114986,2016-04-27,7243,5.03000020980835,32,1,194,839,227,2361,False,False,5.533333333333333,6.233333333333333,1,5–7h,Wednesday,Weekday
4445114986,2016-04-28,4493,3.00999999046326,0,0,236,762,236,2203,False,False,6.983333333333333,7.366666666666666,1,5–7h,Thursday,Weekday
4445114986,2016-04-29,4676,3.14000010490417,0,0,226,1106,226,2196,False,False,1.7666666666666666,1.8,1,Less than 5h,Friday,Weekday
4445114986,2016-04-30,6222,4.17999982833862,0,0,290,797,290,2363,False,False,5.366666666666666,5.883333333333334,1,5–7h,Saturday,Weekend
4445114986,2016-05-01,5232,3.50999999046326,0,0,240,741,240,2246,False,False,7.316666666666666,7.65,2,7–9h,Sunday,Weekend
4445114986,2016-05-02,6910,4.75,27,4,200,667,231,2336,False,False,8.366666666666667,9.033333333333331,1,7–9h,Monday,Weekday
4445114986,2016-05-03,7502,5.17999982833862,30,2,233,725,265,2421,False,False,6.95,7.5,2,5–7h,Tuesday,Weekday
4445114986,2016-05-04,2923,1.96000003814697,0,0,180,897,180,2070,False,False,5.616666666666666,6.05,2,5–7h,Wednesday,Weekday
4445114986,2016-05-05,3800,2.54999995231628,2,6,185,734,193,2120,False,False,7.7,8.55,2,7–9h,Thursday,Weekday
4445114986,2016-05-06,4514,3.02999997138977,0,0,229,809,229,2211,False,False,6.233333333333333,6.7,2,5–7h,Friday,Weekday
4445114986,2016-05-07,5183,3.58999991416931,26,4,108,866,138,2123,False,False,6.683333333333334,7.266666666666667,2,5–7h,Saturday,Weekend
4445114986,2016-05-08,7303,4.90000009536743,0,8,308,733,316,2423,False,False,6.016666666666667,6.516666666666667,1,5–7h,Sunday,Weekend
4445114986,2016-05-09,5275,3.53999996185303,0,0,266,641,266,2281,False,False,7.616666666666666,8.883333333333333,1,7–9h,Monday,Weekday
4445114986,2016-05-10,3915,2.63000011444092,0,0,231,783,231,2181,False,False,6.75,7.1,1,5–7h,Tuesday,Weekday
4445114986,2016-05-11,9105,6.1100001335144,34,22,232,622,288,2499,False,False,8.316666666666666,8.833333333333334,1,7–9h,Wednesday,Weekday
4445114986,2016-05-12,768,0.519999980926514,0,0,58,380,58,1212,False,False,8.05,8.35,1,7–9h,Thursday,Weekday
4558609924,2016-04-21,13743,9.07999992370605,6,21,432,844,459,2486,False,False,2.1,2.283333333333333,1,Less than 5h,Thursday,Weekday
4558609924,2016-04-26,9148,6.05000019073486,12,41,283,1062,336,2223,False,False,1.7166666666666666,2.0166666666666666,1,Less than 5h,Tuesday,Weekday
4558609924,2016-04-29,7833,5.17999982833862,15,29,197,1096,241,1918,False,False,2.85,2.9833333333333334,1,Less than 5h,Friday,Weekday
4558609924,2016-05-01,3428,2.26999998092651,0,0,190,1121,190,1692,False,False,1.9166666666666667,2.15,1,Less than 5h,Sunday,Weekend
4558609924,2016-05-08,6543,4.32999992370605,66,35,238,1019,339,2666,False,False,2.05,2.2333333333333334,1,Less than 5h,Sunday,Weekend
4702921684,2016-04-12,7213,5.88000011444092,0,0,263,718,263,2947,False,False,7.083333333333333,7.316666666666666,1,7–9h,Tuesday,Weekday
4702921684,2016-04-13,6877,5.57999992370605,0,0,258,777,258,2898,False,False,6.666666666666667,7.166666666666667,2,5–7h,Wednesday,Weekday
4702921684,2016-04-14,7860,6.36999988555908,0,0,271,772,271,2984,False,False,6.4,6.916666666666667,1,5–7h,Thursday,Weekday
4702921684,2016-04-15,6506,5.28000020980835,1,8,256,944,265,2896,False,False,4.216666666666667,4.283333333333333,1,Less than 5h,Friday,Weekday
4702921684,2016-04-16,11140,9.02999973297119,3,24,335,556,362,3328,False,False,6.366666666666666,6.766666666666667,2,5–7h,Saturday,Weekend
4702921684,2016-04-17,12692,10.289999961853,12,66,302,437,380,3394,False,False,9.85,10.2,1,9h+,Sunday,Weekend
4702921684,2016-04-18,9105,7.38000011444092,22,30,191,890,243,3013,False,False,4.883333333333334,5.2,1,Less than 5h,Monday,Weekday
4702921684,2016-04-19,6708,5.44000005722046,10,8,179,757,197,2812,False,False,7.616666666666666,8.116666666666667,1,7–9h,Tuesday,Weekday
4702921684,2016-04-20,8793,7.13000011444092,2,29,260,717,291,3061,False,False,7.566666666666666,7.8,1,7–9h,Wednesday,Weekday
4702921684,2016-04-21,6530,5.30000019073486,4,41,144,901,189,2729,False,False,7.083333333333333,7.233333333333333,1,7–9h,Thursday,Weekday
4702921684,2016-04-23,15126,12.2700004577637,9,66,408,469,483,3691,False,False,7.75,7.916666666666667,1,7–9h,Saturday,Weekend
4702921684,2016-04-24,15050,12.2200002670288,15,95,281,542,391,3538,False,False,8.0,8.433333333333334,1,7–9h,Sunday,Weekend
4702921684,2016-04-25,9167,7.42999982833862,6,15,270,730,291,3064,False,False,6.166666666666667,6.333333333333333,1,5–7h,Monday,Weekday
4702921684,2016-04-26,6108,4.94999980926514,1,8,216,765,225,2784,False,False,7.016666666666667,7.15,1,7–9h,Tuesday,Weekday
4702921684,2016-04-27,7047,5.71999979019165,1,16,238,733,255,2908,False,False,7.2,7.483333333333333,1,7–9h,Wednesday,Weekday
4702921684,2016-04-28,9023,7.32000017166138,14,9,232,738,255,3033,False,False,7.366666666666666,7.683333333333334,1,7–9h,Thursday,Weekday
4702921684,2016-04-29,9930,8.05000019073486,12,19,267,692,298,3165,False,False,7.216666666666667,7.45,1,7–9h,Friday,Weekday
4702921684,2016-04-30,10144,8.22999954223633,4,36,263,728,303,3115,False,False,7.983333333333333,8.35,1,7–9h,Saturday,Weekend
4702921684,2016-05-03,9454,7.67000007629395,0,0,313,729,313,3145,False,False,5.45,6.216666666666667,1,5–7h,Tuesday,Weekday
4702921684,2016-05-04,8161,6.61999988555908,4,15,251,757,270,3004,False,False,6.866666666666666,7.233333333333333,1,5–7h,Wednesday,Weekday
4702921684,2016-05-05,8614,6.98999977111816,8,5,241,745,254,3006,False,False,6.9,7.133333333333334,1,5–7h,Thursday,Weekday
4702921684,2016-05-06,6943,5.63000011444092,1,16,207,682,224,2859,False,False,6.733333333333333,7.483333333333333,1,5–7h,Friday,Weekday
4702921684,2016-05-07,14370,11.6499996185303,5,46,439,577,490,3683,False,False,8.666666666666666,9.05,1,7–9h,Saturday,Weekend
4702921684,2016-05-09,8232,6.67999982833862,0,12,253,746,265,2990,False,False,7.25,7.633333333333334,1,7–9h,Monday,Weekday
4702921684,2016-05-10,10613,8.60999965667725,1,37,262,701,300,3172,False,False,6.933333333333334,7.183333333333334,1,5–7h,Tuesday,Weekday
4702921684,2016-05-11,9810,7.96000003814697,10,41,235,784,286,3069,False,False,5.9,6.1,1,5–7h,Wednesday,Weekday
4702921684,2016-05-12,2752,2.23000001907349,0,0,68,241,68,1240,False,False,6.733333333333333,7.366666666666666,1,5–7h,Thursday,Weekday
5553957443,2016-04-12,11596,7.57000017166138,19,13,277,767,309,2026,False,False,7.35,7.733333333333333,1,7–9h,Tuesday,Weekday
5553957443,2016-04-13,4832,3.16000008583069,0,0,226,647,226,1718,False,False,7.583333333333333,8.133333333333333,2,7–9h,Wednesday,Weekday
5553957443,2016-04-14,17022,11.1199998855591,61,41,256,693,358,2324,False,False,5.95,6.966666666666667,1,5–7h,Thursday,Weekday
5553957443,2016-04-15,16556,10.8599996566772,58,38,239,689,335,2254,False,False,6.283333333333333,6.816666666666666,1,5–7h,Friday,Weekday
5553957443,2016-04-16,5771,3.76999998092651,0,0,288,521,288,1831,False,False,10.85,11.433333333333334,2,9h+,Saturday,Weekend
5553957443,2016-04-17,655,0.430000007152557,0,0,46,943,46,1397,False,False,5.833333333333333,6.7,1,5–7h,Sunday,Weekend
5553957443,2016-04-18,3727,2.4300000667572,0,0,206,622,206,1683,False,False,8.666666666666666,9.016666666666667,2,7–9h,Monday,Weekday
5553957443,2016-04-19,15482,10.1099996566772,69,28,249,756,346,2284,False,False,5.95,6.833333333333333,1,5–7h,Tuesday,Weekday
5553957443,2016-04-20,2713,1.76999998092651,0,0,148,598,148,1570,False,False,10.966666666666669,11.3,1,9h+,Wednesday,Weekday
5553957443,2016-04-21,12346,8.0600004196167,47,42,177,801,266,2066,False,False,6.65,7.183333333333334,1,5–7h,Thursday,Weekday
5553957443,2016-04-22,11682,7.63000011444092,25,16,270,781,311,2105,False,False,5.366666666666666,5.883333333333334,1,5–7h,Friday,Weekday
5553957443,2016-04-23,4112,2.69000005722046,0,0,272,443,272,1776,False,False,10.516666666666667,12.083333333333334,2,9h+,Saturday,Weekend
5553957443,2016-04-24,1807,1.17999994754791,0,0,104,582,104,1507,False,False,9.216666666666669,10.666666666666666,2,9h+,Sunday,Weekend
5553957443,2016-04-25,10946,7.19000005722046,51,11,201,732,263,2033,False,False,7.216666666666667,7.8,1,7–9h,Monday,Weekday
5553957443,2016-04-26,11886,7.76000022888184,40,18,238,750,296,2093,False,False,6.866666666666666,7.55,1,5–7h,Tuesday,Weekday
5553957443,2016-04-27,10538,6.88000011444092,16,16,206,745,238,1922,False,False,5.783333333333333,6.516666666666667,1,5–7h,Wednesday,Weekday
5553957443,2016-04-28,11393,7.63000011444092,49,13,165,727,227,1999,False,False,7.016666666666667,7.616666666666666,1,7–9h,Thursday,Weekday
5553957443,2016-04-29,12764,8.32999992370605,46,15,270,709,331,2169,False,False,7.5,8.25,1,7–9h,Friday,Weekday
5553957443,2016-04-30,1202,0.779999971389771,0,0,84,506,84,1463,False,False,12.916666666666666,14.05,2,9h+,Saturday,Weekend
5553957443,2016-05-01,5164,3.36999988555908,0,0,237,436,237,1747,False,False,10.366666666666667,11.433333333333334,2,9h+,Sunday,Weekend
5553957443,2016-05-02,9769,6.38000011444092,23,9,227,724,259,1996,False,False,6.816666666666666,7.85,1,5–7h,Monday,Weekday
5553957443,2016-05-03,12848,8.39000034332275,26,29,247,812,302,2116,False,False,6.333333333333333,7.15,1,5–7h,Tuesday,Weekday
5553957443,2016-05-04,4249,2.76999998092651,0,0,224,651,224,1698,False,False,7.45,7.833333333333333,1,7–9h,Wednesday,Weekday
5553957443,2016-05-05,14331,9.51000022888184,44,29,241,692,314,2156,False,False,6.983333333333333,7.733333333333333,1,5–7h,Thursday,Weekday
5553957443,2016-05-06,9632,6.28999996185303,21,9,229,761,259,1916,False,False,6.666666666666667,7.233333333333333,1,5–7h,Friday,Weekday
5553957443,2016-05-07,1868,1.22000002861023,0,0,96,902,96,1494,False,False,7.366666666666666,7.833333333333333,1,7–9h,Saturday,Weekend
5553957443,2016-05-08,6083,4.0,3,8,210,505,221,1762,False,False,9.466666666666669,10.133333333333333,1,9h+,Sunday,Weekend
5553957443,2016-05-09,11611,7.57999992370605,59,22,251,667,332,2272,False,False,7.55,8.233333333333333,1,7–9h,Monday,Weekday
5553957443,2016-05-10,16358,10.710000038147,61,40,265,707,366,2335,False,False,6.966666666666667,7.383333333333334,1,5–7h,Tuesday,Weekday
5553957443,2016-05-11,4926,3.22000002861023,0,0,195,628,195,1693,False,False,7.716666666666667,8.1,1,7–9h,Wednesday,Weekday
5553957443,2016-05-12,3121,2.03999996185303,8,6,48,222,62,741,False,False,7.3,7.916666666666667,1,7–9h,Thursday,Weekday
5577150313,2016-04-12,8135,6.07999992370605,86,16,140,728,242,3405,False,False,6.983333333333333,7.3,1,5–7h,Tuesday,Weekday
5577150313,2016-04-13,5077,3.78999996185303,15,11,144,776,170,2551,False,False,7.2,7.633333333333334,1,7–9h,Wednesday,Weekday
5577150313,2016-04-14,8596,6.42000007629395,118,30,176,662,324,4022,False,False,7.95,8.283333333333333,1,7–9h,Thursday,Weekday
5577150313,2016-04-15,12087,9.07999992370605,115,54,199,695,368,4005,False,False,6.533333333333333,6.883333333333334,1,5–7h,Friday,Weekday
5577150313,2016-04-16,14269,10.6599998474121,184,56,158,472,398,4274,False,False,6.766666666666667,7.416666666666667,1,5–7h,Saturday,Weekend
5577150313,2016-04-17,12231,9.14000034332275,200,37,159,525,396,4552,False,False,9.15,9.716666666666669,1,9h+,Sunday,Weekend
5577150313,2016-04-18,9893,7.3899998664856,114,32,130,623,276,3625,False,False,8.783333333333333,9.216666666666669,1,7–9h,Monday,Weekday
5577150313,2016-04-19,12574,9.42000007629395,108,23,111,733,242,3501,False,False,7.483333333333333,7.75,1,7–9h,Tuesday,Weekday
5577150313,2016-04-20,8330,6.21999979019165,87,16,113,773,216,3192,False,False,7.45,8.0,1,7–9h,Wednesday,Weekday
5577150313,2016-04-21,10830,8.09000015258789,110,74,175,670,359,4018,False,False,6.9,7.283333333333333,1,5–7h,Thursday,Weekday
5577150313,2016-04-22,9172,6.84999990463257,62,30,200,823,292,3329,False,False,5.633333333333334,6.1,1,5–7h,Friday,Weekday
5577150313,2016-04-23,7638,5.71000003814697,24,24,223,627,271,3152,False,False,6.4,6.7,1,5–7h,Saturday,Weekend
5577150313,2016-04-24,15764,11.7799997329712,210,65,141,425,416,4392,False,False,9.05,10.25,1,9h+,Sunday,Weekend
5577150313,2016-04-25,6393,4.78000020980835,61,38,214,743,313,3374,False,False,7.016666666666667,7.683333333333334,1,7–9h,Monday,Weekday
5577150313,2016-04-26,5325,3.98000001907349,38,32,181,759,251,3088,False,False,5.9,6.283333333333333,1,5–7h,Tuesday,Weekday
5577150313,2016-04-27,6805,5.1399998664856,63,16,190,773,269,3294,False,False,7.066666666666666,7.533333333333333,1,7–9h,Wednesday,Weekday
5577150313,2016-04-28,9841,7.42999982833862,99,51,141,692,291,3580,False,False,6.016666666666667,6.2,1,5–7h,Thursday,Weekday
5577150313,2016-04-29,7924,5.92000007629395,97,36,165,739,298,3544,False,False,7.65,8.083333333333334,1,7–9h,Friday,Weekday
5577150313,2016-04-30,12363,9.23999977111816,207,45,163,621,415,4501,False,False,6.866666666666666,7.216666666666667,1,5–7h,Saturday,Weekend
5577150313,2016-05-01,13368,9.98999977111816,194,72,178,499,444,4546,False,False,6.316666666666666,6.633333333333334,1,5–7h,Sunday,Weekend
5577150313,2016-05-02,7439,5.55999994277954,37,20,235,732,292,3014,False,False,8.75,9.216666666666669,2,7–9h,Monday,Weekday
5577150313,2016-05-03,11045,8.25,97,8,212,580,317,3795,False,False,8.466666666666667,9.05,1,7–9h,Tuesday,Weekday
5577150313,2016-05-04,5206,3.89000010490417,25,9,141,631,175,2755,False,False,10.05,10.566666666666666,1,9h+,Wednesday,Weekday
5577150313,2016-05-05,7550,5.6399998664856,45,21,143,1153,209,3004,False,False,1.2333333333333334,1.3,1,Less than 5h,Thursday,Weekday
5577150313,2016-05-10,8869,6.65000009536743,104,37,194,639,335,3841,False,False,8.4,9.366666666666667,1,7–9h,Tuesday,Weekday
5577150313,2016-05-11,4038,3.03999996185303,45,15,63,257,123,1665,False,False,7.183333333333334,7.933333333333334,1,7–9h,Wednesday,Weekday
6117666160,2016-04-16,14450,10.9099998474121,7,15,518,502,540,2828,False,False,6.333333333333333,6.633333333333334,1,5–7h,Saturday,Weekend
6117666160,2016-04-17,7150,5.40000009536743,0,0,312,702,312,2225,False,False,5.6,5.833333333333333,2,5–7h,Sunday,Weekend
6117666160,2016-04-18,5153,3.91000008583069,0,0,241,759,241,2018,False,False,8.216666666666667,8.5,2,7–9h,Monday,Weekday
6117666160,2016-04-19,11135,8.40999984741211,0,0,480,425,480,2606,False,False,7.75,8.2,1,7–9h,Tuesday,Weekday
6117666160,2016-04-20,10449,8.02000045776367,26,10,349,587,385,2536,False,False,7.9,8.366666666666667,1,7–9h,Wednesday,Weekday
6117666160,2016-04-21,19542,15.0100002288818,11,19,294,579,324,4900,False,False,8.466666666666667,9.166666666666666,1,7–9h,Thursday,Weekday
6117666160,2016-04-22,8206,6.19999980926514,0,0,402,413,402,2409,False,False,8.0,9.1,1,7–9h,Friday,Weekday
6117666160,2016-04-23,11495,8.68000030517578,0,0,512,468,512,2651,False,False,8.2,8.983333333333333,1,7–9h,Saturday,Weekend
6117666160,2016-04-24,7623,5.76000022888184,0,0,362,711,362,2305,False,False,5.883333333333334,6.116666666666666,1,5–7h,Sunday,Weekend
6117666160,2016-04-27,9411,7.1100001335144,0,0,458,417,458,2576,False,False,9.033333333333331,9.283333333333331,1,9h+,Wednesday,Weekday
6117666160,2016-04-28,3403,2.59999990463257,0,0,141,758,141,1879,False,False,6.55,6.933333333333334,1,5–7h,Thursday,Weekday
6117666160,2016-04-29,9592,7.23999977111816,0,0,461,479,461,2560,False,False,10.0,10.6,1,9h+,Friday,Weekday
6117666160,2016-05-01,8915,6.73000001907349,0,0,397,525,397,2361,False,False,8.45,9.583333333333334,1,7–9h,Sunday,Weekend
6117666160,2016-05-05,9799,7.40000009536743,0,0,487,479,487,2636,False,False,6.533333333333333,6.916666666666667,1,5–7h,Thursday,Weekday
6117666160,2016-05-06,3365,2.6800000667572,0,0,133,673,133,1838,False,False,10.966666666666669,11.633333333333333,2,9h+,Friday,Weekday
6117666160,2016-05-07,7336,5.53999996185303,0,0,412,456,412,2469,False,False,8.3,8.45,2,7–9h,Saturday,Weekend
6117666160,2016-05-08,7328,5.53000020980835,0,0,318,517,318,2250,False,False,9.25,10.05,1,9h+,Sunday,Weekend
6117666160,2016-05-09,4477,3.38000011444092,0,0,197,125,197,1248,False,False,8.2,8.7,1,7–9h,Monday,Weekday
6775888955,2016-04-13,4053,2.91000008583069,17,18,85,1053,120,2400,False,False,3.9166666666666665,4.333333333333333,1,Less than 5h,Wednesday,Weekday
6775888955,2016-04-14,5162,3.70000004768372,14,24,105,863,143,2507,False,False,7.05,7.35,1,7–9h,Thursday,Weekday
6775888955,2016-04-15,1282,0.920000016689301,0,0,58,976,58,2127,False,False,6.516666666666667,6.766666666666667,1,5–7h,Friday,Weekday
6962181067,2016-04-12,10199,6.73999977111816,50,14,189,796,253,1994,False,False,6.1,6.45,1,5–7h,Tuesday,Weekday
6962181067,2016-04-13,5652,3.74000000953674,8,24,142,548,174,1718,False,False,10.5,11.316666666666666,3,9h+,Wednesday,Weekday
6962181067,2016-04-14,1551,1.02999997138977,0,0,86,862,86,1466,False,False,8.466666666666667,8.916666666666666,2,7–9h,Thursday,Weekday
6962181067,2016-04-15,5563,3.6800000667572,0,0,217,837,217,1756,False,False,6.166666666666667,6.433333333333334,1,5–7h,Friday,Weekday
6962181067,2016-04-16,13217,8.73999977111816,50,3,280,741,333,2173,False,False,5.95,6.1,1,5–7h,Saturday,Weekend
6962181067,2016-04-17,10145,6.71000003814697,5,13,295,634,313,2027,False,False,7.116666666666666,7.433333333333334,1,7–9h,Sunday,Weekend
6962181067,2016-04-18,11404,7.53999996185303,13,42,238,689,293,2039,False,False,7.366666666666666,7.633333333333334,1,7–9h,Monday,Weekday
6962181067,2016-04-19,10742,7.09999990463257,35,41,195,659,271,2046,False,False,7.933333333333334,8.916666666666666,1,7–9h,Tuesday,Weekday
6962181067,2016-04-20,13928,9.55000019073486,48,4,297,639,349,2174,False,False,6.966666666666667,7.066666666666666,1,5–7h,Wednesday,Weekday
6962181067,2016-04-21,11835,9.71000003814697,53,27,214,708,294,2179,False,False,7.516666666666667,7.616666666666666,1,7–9h,Thursday,Weekday
6962181067,2016-04-22,10725,7.09000015258789,30,33,240,659,303,2086,False,False,7.083333333333333,7.25,1,7–9h,Friday,Weekday
6962181067,2016-04-23,20031,13.2399997711182,58,41,347,484,446,2571,False,False,8.8,9.1,1,7–9h,Saturday,Weekend
6962181067,2016-04-24,5029,3.3199999332428,0,0,199,720,199,1705,False,False,8.516666666666667,8.566666666666666,1,7–9h,Sunday,Weekend
6962181067,2016-04-25,13239,9.27000045776367,35,31,282,637,348,2194,False,False,6.666666666666667,6.916666666666667,1,5–7h,Monday,Weekday
6962181067,2016-04-26,10433,6.90000009536743,36,7,254,680,297,2012,False,False,7.35,7.433333333333334,1,7–9h,Tuesday,Weekday
6962181067,2016-04-27,10320,6.82000017166138,7,38,279,697,324,2034,False,False,7.583333333333333,7.783333333333333,1,7–9h,Wednesday,Weekday
6962181067,2016-04-28,12627,8.35000038146973,38,8,288,621,334,2182,False,False,7.333333333333333,7.55,1,7–9h,Thursday,Weekday
6962181067,2016-04-29,10762,7.1100001335144,12,15,369,645,396,2254,False,False,7.216666666666667,7.45,1,7–9h,Friday,Weekday
6962181067,2016-04-30,10081,6.65999984741211,32,16,237,731,285,2002,False,False,7.033333333333333,7.066666666666666,1,7–9h,Saturday,Weekend
6962181067,2016-05-01,5454,3.60999989509583,0,0,215,722,215,1740,False,False,6.85,7.1,1,5–7h,Sunday,Weekend
6962181067,2016-05-02,12912,8.53999996185303,18,39,313,655,370,2162,False,False,7.766666666666667,8.033333333333333,1,7–9h,Monday,Weekday
6962181067,2016-05-03,12109,8.11999988555908,21,36,267,654,324,2072,False,False,6.566666666666666,6.966666666666667,1,5–7h,Tuesday,Weekday
6962181067,2016-05-04,10147,6.71000003814697,15,36,284,683,335,2086,False,False,7.366666666666666,7.583333333333333,1,7–9h,Wednesday,Weekday
6962181067,2016-05-05,10524,6.96000003814697,14,22,305,591,341,2066,False,False,7.783333333333333,8.183333333333334,1,7–9h,Thursday,Weekday
6962181067,2016-05-06,5908,3.91000008583069,0,0,299,717,299,1850,False,False,7.383333333333334,7.7,1,7–9h,Friday,Weekday
6962181067,2016-05-07,6815,4.5,0,0,328,745,328,1947,False,False,4.966666666666667,5.566666666666666,1,Less than 5h,Saturday,Weekend
6962181067,2016-05-08,4188,2.76999998092651,0,14,151,709,165,1659,False,False,9.016666666666667,9.483333333333333,1,9h+,Sunday,Weekend
6962181067,2016-05-09,12342,8.72000026702881,43,21,231,607,295,2105,False,False,8.15,8.283333333333333,1,7–9h,Monday,Weekday
6962181067,2016-05-10,15448,10.210000038147,62,34,275,626,371,2361,False,False,7.816666666666666,8.016666666666667,1,7–9h,Tuesday,Weekday
6962181067,2016-05-11,6722,4.44000005722046,24,7,199,709,230,1855,False,False,7.533333333333333,8.0,1,7–9h,Wednesday,Weekday
6962181067,2016-05-12,3587,2.36999988555908,0,8,105,127,113,928,False,False,8.6,8.916666666666666,1,7–9h,Thursday,Weekday
7007744171,2016-04-16,4631,3.09999990463257,0,0,203,1155,203,2076,False,False,1.3166666666666669,1.3666666666666667,1,Less than 5h,Saturday,Weekend
7007744171,2016-05-01,5600,3.75,0,0,237,1142,237,2225,False,False,0.9666666666666668,1.0166666666666666,1,Less than 5h,Sunday,Weekend
7086361926,2016-04-12,11317,8.40999984741211,59,6,153,745,218,2772,False,False,8.566666666666666,8.75,1,7–9h,Tuesday,Weekday
7086361926,2016-04-13,5813,3.61999988555908,31,26,155,744,212,2516,False,False,7.516666666666667,7.75,1,7–9h,Wednesday,Weekday
7086361926,2016-04-14,9123,6.11999988555908,35,32,189,787,256,2734,False,False,7.866666666666666,7.933333333333334,1,7–9h,Thursday,Weekday
7086361926,2016-04-15,8585,5.67000007629395,30,21,139,864,190,2395,False,False,6.283333333333333,6.433333333333334,1,5–7h,Friday,Weekday
7086361926,2016-04-19,10688,7.28999996185303,67,69,124,671,260,2944,False,False,7.866666666666666,8.05,1,7–9h,Tuesday,Weekday
7086361926,2016-04-20,14365,10.6400003433228,87,13,145,797,245,2997,False,False,8.2,8.366666666666667,1,7–9h,Wednesday,Weekday
7086361926,2016-04-21,9469,6.17999982833862,19,6,206,758,231,2463,False,False,6.5,6.85,1,5–7h,Thursday,Weekday
7086361926,2016-04-22,9753,6.53000020980835,58,59,153,762,270,2846,False,False,7.133333333333334,7.466666666666667,1,7–9h,Friday,Weekday
7086361926,2016-04-24,3520,2.16000008583069,0,0,125,566,125,2049,False,False,11.35,11.733333333333333,1,9h+,Sunday,Weekend
7086361926,2016-04-25,10091,6.82000017166138,69,39,129,706,237,2752,False,False,7.433333333333334,7.45,1,7–9h,Monday,Weekday
7086361926,2016-04-26,10387,7.07000017166138,70,33,132,726,235,2781,False,False,8.083333333333334,8.333333333333334,1,7–9h,Tuesday,Weekday
7086361926,2016-04-27,11107,8.34000015258789,55,6,145,829,206,2693,False,False,7.816666666666666,7.983333333333333,1,7–9h,Wednesday,Weekday
7086361926,2016-04-28,11584,7.80000019073486,54,48,161,810,263,2862,False,False,5.9,6.116666666666666,1,5–7h,Thursday,Weekday
7086361926,2016-04-30,14560,9.40999984741211,42,17,308,584,367,2995,False,False,8.083333333333334,8.15,1,7–9h,Saturday,Weekend
7086361926,2016-05-01,12390,8.06999969482422,30,15,258,685,303,2730,False,False,6.466666666666667,6.783333333333333,1,5–7h,Sunday,Weekend
7086361926,2016-05-02,10052,6.80999994277954,66,26,139,737,231,2754,False,False,7.333333333333333,7.65,1,7–9h,Monday,Weekday
7086361926,2016-05-03,10288,6.76000022888184,57,36,152,761,245,2754,False,False,7.6,7.683333333333334,1,7–9h,Tuesday,Weekday
7086361926,2016-05-04,10988,8.3100004196167,45,12,135,843,192,2655,False,False,7.0,7.266666666666667,1,7–9h,Wednesday,Weekday
7086361926,2016-05-06,12461,8.38000011444092,84,35,154,834,273,2924,False,False,5.366666666666666,5.55,1,5–7h,Friday,Weekday
7086361926,2016-05-07,12827,8.47999954223633,20,42,209,621,271,2739,False,False,8.833333333333334,9.133333333333333,1,7–9h,Saturday,Weekend
7086361926,2016-05-08,10677,7.09999990463257,32,27,147,695,206,2534,False,False,8.016666666666667,8.5,1,7–9h,Sunday,Weekend
7086361926,2016-05-09,13566,9.10999965667725,67,50,171,743,288,2960,False,False,7.116666666666666,7.3,1,7–9h,Monday,Weekday
7086361926,2016-05-11,9572,6.51999998092651,57,40,128,757,225,2735,False,False,7.516666666666667,7.716666666666667,1,7–9h,Wednesday,Weekday
7086361926,2016-05-12,3789,2.55999994277954,5,4,58,343,67,1199,False,False,7.4,7.616666666666666,1,7–9h,Thursday,Weekday
8053475328,2016-04-20,15108,12.1899995803833,89,5,158,695,252,3043,False,False,8.1,8.216666666666667,1,7–9h,Wednesday,Weekday
8053475328,2016-04-23,22359,17.1900005340576,125,14,223,741,362,3554,False,False,5.516666666666667,5.616666666666666,1,5–7h,Saturday,Weekend
8053475328,2016-05-07,19769,15.6700000762939,121,20,148,1076,289,3331,False,False,1.2333333333333334,1.25,1,Less than 5h,Saturday,Weekend
8378563200,2016-04-12,7626,6.05000019073486,65,15,156,723,236,3635,False,False,5.633333333333334,5.933333333333334,1,5–7h,Tuesday,Weekday
8378563200,2016-04-13,12386,9.81999969482422,116,14,169,680,299,4079,False,False,7.45,8.116666666666667,2,7–9h,Wednesday,Weekday
8378563200,2016-04-14,13318,10.5600004196167,123,21,174,699,318,4163,False,False,7.066666666666666,7.583333333333333,1,7–9h,Thursday,Weekday
8378563200,2016-04-15,14461,11.4700002670288,60,23,190,729,273,3666,False,False,8.55,8.883333333333333,1,7–9h,Friday,Weekday
8378563200,2016-04-16,11207,8.89000034332275,64,21,142,563,227,3363,False,False,10.183333333333334,11.483333333333333,2,9h+,Saturday,Weekend
8378563200,2016-04-17,2132,1.69000005722046,0,0,93,599,93,2572,False,False,8.75,9.85,2,7–9h,Sunday,Weekend
8378563200,2016-04-18,13630,10.8100004196167,117,10,174,720,301,4157,False,False,6.633333333333334,7.516666666666667,1,5–7h,Monday,Weekday
8378563200,2016-04-19,13070,10.3599996566772,120,19,154,737,293,4092,False,False,6.45,7.016666666666667,1,5–7h,Tuesday,Weekday
8378563200,2016-04-20,9388,7.44000005722046,82,8,169,763,259,3787,False,False,6.35,6.816666666666666,1,5–7h,Wednesday,Weekday
8378563200,2016-04-21,15148,12.0100002288818,137,16,145,677,298,4236,False,False,6.6,6.95,1,5–7h,Thursday,Weekday
8378563200,2016-04-22,12200,9.67000007629395,113,12,159,769,284,4044,False,False,7.35,7.816666666666666,1,7–9h,Friday,Weekday
8378563200,2016-04-23,5709,4.53000020980835,19,10,136,740,165,2908,False,False,9.416666666666666,9.85,1,9h+,Saturday,Weekend
8378563200,2016-04-24,3703,2.94000005722046,0,0,135,734,135,2741,False,False,7.633333333333334,8.2,1,7–9h,Sunday,Weekend
8378563200,2016-04-25,12405,9.84000015258789,117,16,141,692,274,4005,False,False,6.466666666666667,6.7,1,5–7h,Monday,Weekday
8378563200,2016-04-26,16208,12.8500003814697,90,18,161,593,269,3763,False,False,9.166666666666666,9.733333333333333,1,9h+,Tuesday,Weekday
8378563200,2016-04-27,7359,5.84000015258789,4,4,192,676,200,3061,False,False,8.85,10.0,1,7–9h,Wednesday,Weekday
8378563200,2016-04-28,5417,4.30000019073486,11,10,139,711,160,2884,False,False,8.433333333333334,9.266666666666667,1,7–9h,Thursday,Weekday
8378563200,2016-04-29,6175,4.90000009536743,3,7,172,767,182,2982,False,False,8.783333333333333,9.366666666666667,1,7–9h,Friday,Weekday
8378563200,2016-04-30,2946,2.33999991416931,0,0,121,780,121,2660,False,False,7.8,9.25,1,7–9h,Saturday,Weekend
8378563200,2016-05-01,11419,9.0600004196167,71,10,127,669,208,3369,False,False,7.916666666666667,8.983333333333333,1,7–9h,Sunday,Weekend
8378563200,2016-05-02,6064,4.80999994277954,63,4,142,802,209,3491,False,False,5.85,6.416666666666667,1,5–7h,Monday,Weekday
8378563200,2016-05-03,8712,6.90999984741211,71,20,195,822,286,3784,False,False,6.75,7.15,1,5–7h,Tuesday,Weekday
8378563200,2016-05-04,7875,6.23999977111816,19,10,167,680,196,3110,False,False,7.35,7.95,1,7–9h,Wednesday,Weekday
8378563200,2016-05-05,8567,6.78999996185303,66,3,214,764,283,3783,False,False,6.35,6.95,1,5–7h,Thursday,Weekday
8378563200,2016-05-06,7045,5.59000015258789,74,5,166,831,245,3644,False,False,5.383333333333334,5.916666666666667,1,5–7h,Friday,Weekday
8378563200,2016-05-07,4468,3.53999996185303,0,0,158,851,158,2799,False,False,7.65,8.55,2,7–9h,Saturday,Weekend
8378563200,2016-05-08,2943,2.32999992370605,0,0,139,621,139,2685,False,False,9.083333333333334,10.1,1,9h+,Sunday,Weekend
8378563200,2016-05-09,8382,6.65000009536743,71,13,171,772,255,3721,False,False,5.983333333333333,6.65,1,5–7h,Monday,Weekday
8378563200,2016-05-10,6582,5.21999979019165,63,13,152,840,228,3586,False,False,5.7,6.516666666666667,1,5–7h,Tuesday,Weekday
8378563200,2016-05-11,9143,7.25,72,10,184,763,266,3788,False,False,6.133333333333334,6.45,1,5–7h,Wednesday,Weekday
8378563200,2016-05-12,4561,3.61999988555908,8,6,102,433,116,1976,False,False,8.266666666666667,9.1,1,7–9h,Thursday,Weekday
8792009665,2016-04-12,2564,1.63999998569489,0,0,116,831,116,2044,False,False,7.633333333333334,8.216666666666667,1,7–9h,Tuesday,Weekday
8792009665,2016-04-13,1320,0.839999973773956,0,0,82,806,82,1934,False,False,8.85,9.2,1,7–9h,Wednesday,Weekday
8792009665,2016-04-14,1219,0.779999971389771,0,0,84,853,84,1963,False,False,8.1,8.383333333333333,1,7–9h,Thursday,Weekday
8792009665,2016-04-15,2483,1.5900000333786,0,0,126,937,126,2009,False,False,6.05,6.283333333333333,1,5–7h,Friday,Weekday
8792009665,2016-04-20,3147,2.00999999046326,0,10,139,744,149,2188,False,False,8.8,9.116666666666667,1,7–9h,Wednesday,Weekday
8792009665,2016-04-22,4068,2.59999990463257,1,20,195,817,216,2419,False,False,6.516666666666667,6.783333333333333,1,5–7h,Friday,Weekday
8792009665,2016-04-23,5245,3.35999989509583,8,45,232,795,285,2748,False,False,5.65,6.0,1,5–7h,Saturday,Weekend
8792009665,2016-04-27,1758,1.12999999523163,0,0,112,900,112,2067,False,False,7.05,7.133333333333334,1,7–9h,Wednesday,Weekday
8792009665,2016-04-28,6157,3.94000005722046,0,0,310,714,310,2780,False,False,6.7,6.933333333333334,1,5–7h,Thursday,Weekday
8792009665,2016-04-29,8360,5.34999990463257,6,14,380,634,400,3101,False,False,6.633333333333334,6.766666666666667,1,5–7h,Friday,Weekday
8792009665,2016-04-30,7174,4.59000015258789,10,20,301,749,331,2896,False,False,5.716666666666667,6.0,1,5–7h,Saturday,Weekend
8792009665,2016-05-01,1619,1.03999996185303,0,0,79,834,79,1962,False,False,8.383333333333333,8.783333333333333,1,7–9h,Sunday,Weekend
8792009665,2016-05-02,1831,1.16999995708466,0,0,101,916,101,2015,False,False,6.916666666666667,7.05,1,5–7h,Monday,Weekday
8792009665,2016-05-03,2421,1.54999995231628,0,0,156,739,156,2297,False,False,8.6,9.083333333333334,1,7–9h,Tuesday,Weekday
8792009665,2016-05-04,2283,1.46000003814697,0,0,129,848,129,2067,False,False,7.316666666666666,7.716666666666667,1,7–9h,Wednesday,Weekday
