id,activity_date,total_sleep_records,total_minutes_asleep,total_time_in_bed,sleep_hours,time_in_bed_hours,year,month,month_name,day_name,day_type
1503960366,2016-04-12,1,327,346,5.45,5.766666666666667,2016,4,April,Tuesday,Weekday
1503960366,2016-04-13,2,384,407,6.4,6.783333333333333,2016,4,April,Wednesday,Weekday
1503960366,2016-04-15,1,412,442,6.866666666666666,7.366666666666666,2016,4,April,Friday,Weekday
1503960366,2016-04-16,2,340,367,5.666666666666667,6.116666666666666,2016,4,April,Saturday,Weekend
1503960366,2016-04-17,1,700,712,11.666666666666666,11.866666666666667,2016,4,April,Sunday,Weekend
1503960366,2016-04-19,1,304,320,5.066666666666666,5.333333333333333,2016,4,April,Tuesday,Weekday
1503960366,2016-04-20,1,360,377,6.0,6.283333333333333,2016,4,April,Wednesday,Weekday
1503960366,2016-04-21,1,325,364,5.416666666666667,6.066666666666666,2016,4,April,Thursday,Weekday
1503960366,2016-04-23,1,361,384,6.016666666666667,6.4,2016,4,April,Saturday,Weekend
1503960366,2016-04-24,1,430,449,7.166666666666667,7.483333333333333,2016,4,April,Sunday,Weekend
1503960366,2016-04-25,1,277,323,4.616666666666666,5.383333333333334,2016,4,April,Monday,Weekday
1503960366,2016-04-26,1,245,274,4.083333333333333,4.566666666666666,2016,4,April,Tuesday,Weekday
1503960366,2016-04-28,1,366,393,6.1,6.55,2016,4,April,Thursday,Weekday
1503960366,2016-04-29,1,341,354,5.683333333333334,5.9,2016,4,April,Friday,Weekday
1503960366,2016-04-30,1,404,425,6.733333333333333,7.083333333333333,2016,4,April,Saturday,Weekend
1503960366,2016-05-01,1,369,396,6.15,6.6,2016,5,May,Sunday,Weekend
1503960366,2016-05-02,1,277,309,4.616666666666666,5.15,2016,5,May,Monday,Weekday
1503960366,2016-05-03,1,273,296,4.55,4.933333333333334,2016,5,May,Tuesday,Weekday
1503960366,2016-05-05,1,247,264,4.116666666666666,4.4,2016,5,May,Thursday,Weekday
1503960366,2016-05-06,1,334,367,5.566666666666666,6.116666666666666,2016,5,May,Friday,Weekday
1503960366,2016-05-07,1,331,349,5.516666666666667,5.816666666666666,2016,5,May,Saturday,Weekend
1503960366,2016-05-08,1,594,611,9.9,10.183333333333334,2016,5,May,Sunday,Weekend
1503960366,2016-05-09,1,338,342,5.633333333333334,5.7,2016,5,May,Monday,Weekday
1503960366,2016-05-10,1,383,403,6.383333333333334,6.716666666666667,2016,5,May,Tuesday,Weekday
1503960366,2016-05-11,1,285,306,4.75,5.1,2016,5,May,Wednesday,Weekday
1644430081,2016-04-29,1,119,127,1.9833333333333334,2.1166666666666667,2016,4,April,Friday,Weekday
1644430081,2016-04-30,1,124,142,2.066666666666667,2.3666666666666667,2016,4,April,Saturday,Weekend
1644430081,2016-05-02,1,796,961,13.266666666666667,16.016666666666666,2016,5,May,Monday,Weekday
1644430081,2016-05-08,1,137,154,2.283333333333333,2.566666666666667,2016,5,May,Sunday,Weekend
1844505072,2016-04-15,1,644,961,10.733333333333333,16.016666666666666,2016,4,April,Friday,Weekday
1844505072,2016-04-30,1,722,961,12.033333333333333,16.016666666666666,2016,4,April,Saturday,Weekend
1844505072,2016-05-01,1,590,961,9.833333333333334,16.016666666666666,2016,5,May,Sunday,Weekend
1927972279,2016-04-12,3,750,775,12.5,12.916666666666666,2016,4,April,Tuesday,Weekday
1927972279,2016-04-13,1,398,422,6.633333333333334,7.033333333333333,2016,4,April,Wednesday,Weekday
1927972279,2016-04-15,2,475,499,7.916666666666667,8.316666666666666,2016,4,April,Friday,Weekday
1927972279,2016-04-26,1,296,315,4.933333333333334,5.25,2016,4,April,Tuesday,Weekday
1927972279,2016-04-28,1,166,178,2.7666666666666666,2.966666666666667,2016,4,April,Thursday,Weekday
2026352035,2016-04-12,1,503,546,8.383333333333333,9.1,2016,4,April,Tuesday,Weekday
2026352035,2016-04-13,1,531,565,8.85,9.416666666666666,2016,4,April,Wednesday,Weekday
2026352035,2016-04-14,1,545,568,9.083333333333334,9.466666666666667,2016,4,April,Thursday,Weekday
2026352035,2016-04-15,1,523,573,8.716666666666667,9.55,2016,4,April,Friday,Weekday
2026352035,2016-04-16,1,524,567,8.733333333333333,9.45,2016,4,April,Saturday,Weekend
2026352035,2016-04-17,1,437,498,7.283333333333333,8.3,2016,4,April,Sunday,Weekend
2026352035,2016-04-19,1,498,540,8.3,9.0,2016,4,April,Tuesday,Weekday
2026352035,2016-04-20,1,461,510,7.683333333333334,8.5,2016,4,April,Wednesday,Weekday
2026352035,2016-04-21,1,477,514,7.95,8.566666666666666,2016,4,April,Thursday,Weekday
2026352035,2016-04-22,1,520,545,8.666666666666666,9.083333333333334,2016,4,April,Friday,Weekday
2026352035,2016-04-23,1,522,554,8.7,9.233333333333333,2016,4,April,Saturday,Weekend
2026352035,2016-04-24,1,555,591,9.25,9.85,2016,4,April,Sunday,Weekend
2026352035,2016-04-25,1,506,531,8.433333333333334,8.85,2016,4,April,Monday,Weekday
2026352035,2016-04-27,1,508,545,8.466666666666667,9.083333333333334,2016,4,April,Wednesday,Weekday
2026352035,2016-04-28,1,513,545,8.55,9.083333333333334,2016,4,April,Thursday,Weekday
2026352035,2016-04-29,1,490,510,8.166666666666666,8.5,2016,4,April,Friday,Weekday
2026352035,2016-04-30,1,573,607,9.55,10.116666666666667,2016,4,April,Saturday,Weekend
2026352035,2016-05-01,1,527,546,8.783333333333333,9.1,2016,5,May,Sunday,Weekend
2026352035,2016-05-02,1,511,543,8.516666666666667,9.05,2016,5,May,Monday,Weekday
2026352035,2016-05-04,1,538,560,8.966666666666667,9.333333333333334,2016,5,May,Wednesday,Weekday
2026352035,2016-05-05,1,468,485,7.8,8.083333333333334,2016,5,May,Thursday,Weekday
2026352035,2016-05-06,1,524,548,8.733333333333333,9.133333333333333,2016,5,May,Friday,Weekday
2026352035,2016-05-07,1,511,521,8.516666666666667,8.683333333333334,2016,5,May,Saturday,Weekend
2026352035,2016-05-08,1,541,568,9.016666666666667,9.466666666666667,2016,5,May,Sunday,Weekend
2026352035,2016-05-09,1,531,556,8.85,9.266666666666667,2016,5,May,Monday,Weekday
2026352035,2016-05-10,1,357,380,5.95,6.333333333333333,2016,5,May,Tuesday,Weekday
2026352035,2016-05-11,1,523,553,8.716666666666667,9.216666666666667,2016,5,May,Wednesday,Weekday
2026352035,2016-05-12,1,456,485,7.6,8.083333333333334,2016,5,May,Thursday,Weekday
2320127002,2016-04-23,1,61,69,1.0166666666666666,1.15,2016,4,April,Saturday,Weekend
2347167796,2016-04-13,1,467,531,7.783333333333333,8.85,2016,4,April,Wednesday,Weekday
2347167796,2016-04-14,1,445,489,7.416666666666667,8.15,2016,4,April,Thursday,Weekday
2347167796,2016-04-15,1,452,504,7.533333333333333,8.4,2016,4,April,Friday,Weekday
2347167796,2016-04-17,1,556,602,9.266666666666667,10.033333333333333,2016,4,April,Sunday,Weekend
2347167796,2016-04-18,1,500,557,8.333333333333334,9.283333333333333,2016,4,April,Monday,Weekday
2347167796,2016-04-19,1,465,514,7.75,8.566666666666666,2016,4,April,Tuesday,Weekday
2347167796,2016-04-21,1,460,484,7.666666666666667,8.066666666666666,2016,4,April,Thursday,Weekday
2347167796,2016-04-22,1,405,461,6.75,7.683333333333334,2016,4,April,Friday,Weekday
2347167796,2016-04-23,1,374,386,6.233333333333333,6.433333333333334,2016,4,April,Saturday,Weekend
2347167796,2016-04-24,1,442,459,7.366666666666666,7.65,2016,4,April,Sunday,Weekend
2347167796,2016-04-25,1,433,471,7.216666666666667,7.85,2016,4,April,Monday,Weekday
2347167796,2016-04-26,1,436,490,7.266666666666667,8.166666666666666,2016,4,April,Tuesday,Weekday
2347167796,2016-04-27,1,448,499,7.466666666666667,8.316666666666666,2016,4,April,Wednesday,Weekday
2347167796,2016-04-28,1,408,450,6.8,7.5,2016,4,April,Thursday,Weekday
2347167796,2016-04-29,1,411,473,6.85,7.883333333333334,2016,4,April,Friday,Weekday
3977333714,2016-04-12,1,274,469,4.566666666666666,7.816666666666666,2016,4,April,Tuesday,Weekday
3977333714,2016-04-13,2,295,456,4.916666666666667,7.6,2016,4,April,Wednesday,Weekday
3977333714,2016-04-14,1,291,397,4.85,6.616666666666666,2016,4,April,Thursday,Weekday
3977333714,2016-04-15,1,424,556,7.066666666666666,9.266666666666667,2016,4,April,Friday,Weekday
3977333714,2016-04-16,1,283,510,4.716666666666667,8.5,2016,4,April,Saturday,Weekend
3977333714,2016-04-17,1,381,566,6.35,9.433333333333334,2016,4,April,Sunday,Weekend
3977333714,2016-04-18,2,412,522,6.866666666666666,8.7,2016,4,April,Monday,Weekday
3977333714,2016-04-19,1,219,395,3.65,6.583333333333333,2016,4,April,Tuesday,Weekday
3977333714,2016-04-20,2,152,305,2.533333333333333,5.083333333333333,2016,4,April,Wednesday,Weekday
3977333714,2016-04-21,1,332,512,5.533333333333333,8.533333333333333,2016,4,April,Thursday,Weekday
3977333714,2016-04-22,1,355,476,5.916666666666667,7.933333333333334,2016,4,April,Friday,Weekday
3977333714,2016-04-23,1,235,372,3.9166666666666665,6.2,2016,4,April,Saturday,Weekend
3977333714,2016-04-24,1,310,526,5.166666666666667,8.766666666666667,2016,4,April,Sunday,Weekend
3977333714,2016-04-25,1,262,467,4.366666666666666,7.783333333333333,2016,4,April,Monday,Weekday
3977333714,2016-04-26,1,250,371,4.166666666666667,6.183333333333334,2016,4,April,Tuesday,Weekday
3977333714,2016-04-27,1,349,540,5.816666666666666,9.0,2016,4,April,Wednesday,Weekday
3977333714,2016-04-28,1,261,423,4.35,7.05,2016,4,April,Thursday,Weekday
3977333714,2016-04-29,1,333,478,5.55,7.966666666666667,2016,4,April,Friday,Weekday
3977333714,2016-04-30,1,237,382,3.95,6.366666666666666,2016,4,April,Saturday,Weekend
3977333714,2016-05-01,1,383,626,6.383333333333334,10.433333333333334,2016,5,May,Sunday,Weekend
3977333714,2016-05-02,1,230,384,3.8333333333333335,6.4,2016,5,May,Monday,Weekday
3977333714,2016-05-03,1,292,500,4.866666666666666,8.333333333333334,2016,5,May,Tuesday,Weekday
3977333714,2016-05-04,1,213,336,3.55,5.6,2016,5,May,Wednesday,Weekday
3977333714,2016-05-05,1,318,480,5.3,8.0,2016,5,May,Thursday,Weekday
3977333714,2016-05-06,1,323,512,5.383333333333334,8.533333333333333,2016,5,May,Friday,Weekday
3977333714,2016-05-07,1,237,443,3.95,7.383333333333334,2016,5,May,Saturday,Weekend
3977333714,2016-05-08,2,259,456,4.316666666666666,7.6,2016,5,May,Sunday,Weekend
3977333714,2016-05-10,1,312,452,5.2,7.533333333333333,2016,5,May,Tuesday,Weekday
4020332650,2016-04-12,1,501,541,8.35,9.016666666666667,2016,4,April,Tuesday,Weekday
4020332650,2016-04-16,1,77,77,1.2833333333333334,1.2833333333333334,2016,4,April,Saturday,Weekend
4020332650,2016-05-03,1,322,332,5.366666666666666,5.533333333333333,2016,5,May,Tuesday,Weekday
4020332650,2016-05-04,1,478,536,7.966666666666667,8.933333333333334,2016,5,May,Wednesday,Weekday
4020332650,2016-05-05,1,226,248,3.7666666666666666,4.133333333333334,2016,5,May,Thursday,Weekday
4020332650,2016-05-06,1,385,408,6.416666666666667,6.8,2016,5,May,Friday,Weekday
4020332650,2016-05-08,1,364,402,6.066666666666666,6.7,2016,5,May,Sunday,Weekend
4020332650,2016-05-10,1,442,494,7.366666666666666,8.233333333333333,2016,5,May,Tuesday,Weekday
4319703577,2016-04-14,1,535,557,8.916666666666666,9.283333333333333,2016,4,April,Thursday,Weekday
4319703577,2016-04-15,1,465,491,7.75,8.183333333333334,2016,4,April,Friday,Weekday
4319703577,2016-04-16,1,506,522,8.433333333333334,8.7,2016,4,April,Saturday,Weekend
4319703577,2016-04-18,1,515,551,8.583333333333334,9.183333333333334,2016,4,April,Monday,Weekday
4319703577,2016-04-19,2,461,498,7.683333333333334,8.3,2016,4,April,Tuesday,Weekday
4319703577,2016-04-20,1,523,543,8.716666666666667,9.05,2016,4,April,Wednesday,Weekday
4319703577,2016-04-21,1,59,65,0.9833333333333333,1.0833333333333333,2016,4,April,Thursday,Weekday
4319703577,2016-04-22,1,533,550,8.883333333333333,9.166666666666666,2016,4,April,Friday,Weekday
4319703577,2016-04-23,1,692,722,11.533333333333333,12.033333333333333,2016,4,April,Saturday,Weekend
4319703577,2016-04-24,1,467,501,7.783333333333333,8.35,2016,4,April,Sunday,Weekend
4319703577,2016-04-25,1,488,506,8.133333333333333,8.433333333333334,2016,4,April,Monday,Weekday
4319703577,2016-04-26,1,505,516,8.416666666666666,8.6,2016,4,April,Tuesday,Weekday
4319703577,2016-04-27,1,286,307,4.766666666666667,5.116666666666666,2016,4,April,Wednesday,Weekday
4319703577,2016-04-28,1,497,522,8.283333333333333,8.7,2016,4,April,Thursday,Weekday
4319703577,2016-04-29,1,523,546,8.716666666666667,9.1,2016,4,April,Friday,Weekday
4319703577,2016-04-30,1,490,516,8.166666666666666,8.6,2016,4,April,Saturday,Weekend
4319703577,2016-05-01,1,484,500,8.066666666666666,8.333333333333334,2016,5,May,Sunday,Weekend
4319703577,2016-05-02,1,478,506,7.966666666666667,8.433333333333334,2016,5,May,Monday,Weekday
4319703577,2016-05-03,1,474,512,7.9,8.533333333333333,2016,5,May,Tuesday,Weekday
4319703577,2016-05-06,1,450,491,7.5,8.183333333333334,2016,5,May,Friday,Weekday
4319703577,2016-05-07,1,507,530,8.45,8.833333333333334,2016,5,May,Saturday,Weekend
4319703577,2016-05-08,1,602,638,10.033333333333333,10.633333333333333,2016,5,May,Sunday,Weekend
4319703577,2016-05-09,1,535,565,8.916666666666666,9.416666666666666,2016,5,May,Monday,Weekday
4319703577,2016-05-10,1,487,517,8.116666666666667,8.616666666666667,2016,5,May,Tuesday,Weekday
4319703577,2016-05-11,1,529,558,8.816666666666666,9.3,2016,5,May,Wednesday,Weekday
4319703577,2016-05-12,1,302,321,5.033333333333333,5.35,2016,5,May,Thursday,Weekday
4388161847,2016-04-15,1,499,526,8.316666666666666,8.766666666666667,2016,4,April,Friday,Weekday
4388161847,2016-04-16,2,426,448,7.1,7.466666666666667,2016,4,April,Saturday,Weekend
4388161847,2016-04-17,2,619,641,10.316666666666666,10.683333333333334,2016,4,April,Sunday,Weekend
4388161847,2016-04-18,1,99,104,1.65,1.7333333333333334,2016,4,April,Monday,Weekday
4388161847,2016-04-19,1,329,338,5.483333333333333,5.633333333333334,2016,4,April,Tuesday,Weekday
4388161847,2016-04-20,1,421,451,7.016666666666667,7.516666666666667,2016,4,April,Wednesday,Weekday
4388161847,2016-04-21,1,442,458,7.366666666666666,7.633333333333334,2016,4,April,Thursday,Weekday
4388161847,2016-04-22,1,82,85,1.3666666666666667,1.4166666666666667,2016,4,April,Friday,Weekday
4388161847,2016-04-23,1,478,501,7.966666666666667,8.35,2016,4,April,Saturday,Weekend
4388161847,2016-04-24,3,552,595,9.2,9.916666666666666,2016,4,April,Sunday,Weekend
4388161847,2016-04-26,1,319,346,5.316666666666666,5.766666666666667,2016,4,April,Tuesday,Weekday
4388161847,2016-04-27,1,439,500,7.316666666666666,8.333333333333334,2016,4,April,Wednesday,Weekday
4388161847,2016-04-28,1,428,458,7.133333333333334,7.633333333333334,2016,4,April,Thursday,Weekday
4388161847,2016-04-30,2,409,430,6.816666666666666,7.166666666666667,2016,4,April,Saturday,Weekend
4388161847,2016-05-01,1,547,597,9.116666666666667,9.95,2016,5,May,Sunday,Weekend
4388161847,2016-05-02,2,368,376,6.133333333333334,6.266666666666667,2016,5,May,Monday,Weekday
4388161847,2016-05-04,1,390,414,6.5,6.9,2016,5,May,Wednesday,Weekday
4388161847,2016-05-05,1,471,495,7.85,8.25,2016,5,May,Thursday,Weekday
4388161847,2016-05-07,1,472,496,7.866666666666666,8.266666666666667,2016,5,May,Saturday,Weekend
4388161847,2016-05-08,2,529,541,8.816666666666666,9.016666666666667,2016,5,May,Sunday,Weekend
4388161847,2016-05-09,1,62,65,1.0333333333333334,1.0833333333333333,2016,5,May,Monday,Weekday
4388161847,2016-05-10,1,354,375,5.9,6.25,2016,5,May,Tuesday,Weekday
4388161847,2016-05-11,1,469,494,7.816666666666666,8.233333333333333,2016,5,May,Wednesday,Weekday
4445114986,2016-04-12,2,429,457,7.15,7.616666666666666,2016,4,April,Tuesday,Weekday
4445114986,2016-04-13,2,370,406,6.166666666666667,6.766666666666667,2016,4,April,Wednesday,Weekday
4445114986,2016-04-14,1,441,492,7.35,8.2,2016,4,April,Thursday,Weekday
4445114986,2016-04-15,2,337,379,5.616666666666666,6.316666666666666,2016,4,April,Friday,Weekday
4445114986,2016-04-16,1,462,499,7.7,8.316666666666666,2016,4,April,Saturday,Weekend
4445114986,2016-04-17,1,98,107,1.6333333333333333,1.7833333333333334,2016,4,April,Sunday,Weekend
4445114986,2016-04-19,2,388,424,6.466666666666667,7.066666666666666,2016,4,April,Tuesday,Weekday
4445114986,2016-04-20,1,439,462,7.316666666666666,7.7,2016,4,April,Wednesday,Weekday
4445114986,2016-04-21,1,436,469,7.266666666666667,7.816666666666666,2016,4,April,Thursday,Weekday
4445114986,2016-04-22,1,388,417,6.466666666666667,6.95,2016,4,April,Friday,Weekday
4445114986,2016-04-25,1,328,345,5.466666666666667,5.75,2016,4,April,Monday,Weekday
4445114986,2016-04-26,2,353,391,5.883333333333334,6.516666666666667,2016,4,April,Tuesday,Weekday
4445114986,2016-04-27,1,332,374,5.533333333333333,6.233333333333333,2016,4,April,Wednesday,Weekday
4445114986,2016-04-28,1,419,442,6.983333333333333,7.366666666666666,2016,4,April,Thursday,Weekday
4445114986,2016-04-29,1,106,108,1.7666666666666666,1.8,2016,4,April,Friday,Weekday
4445114986,2016-04-30,1,322,353,5.366666666666666,5.883333333333334,2016,4,April,Saturday,Weekend
4445114986,2016-05-01,2,439,459,7.316666666666666,7.65,2016,5,May,Sunday,Weekend
4445114986,2016-05-02,1,502,542,8.366666666666667,9.033333333333333,2016,5,May,Monday,Weekday
4445114986,2016-05-03,2,417,450,6.95,7.5,2016,5,May,Tuesday,Weekday
4445114986,2016-05-04,2,337,363,5.616666666666666,6.05,2016,5,May,Wednesday,Weekday
4445114986,2016-05-05,2,462,513,7.7,8.55,2016,5,May,Thursday,Weekday
4445114986,2016-05-06,2,374,402,6.233333333333333,6.7,2016,5,May,Friday,Weekday
4445114986,2016-05-07,2,401,436,6.683333333333334,7.266666666666667,2016,5,May,Saturday,Weekend
4445114986,2016-05-08,1,361,391,6.016666666666667,6.516666666666667,2016,5,May,Sunday,Weekend
4445114986,2016-05-09,1,457,533,7.616666666666666,8.883333333333333,2016,5,May,Monday,Weekday
4445114986,2016-05-10,1,405,426,6.75,7.1,2016,5,May,Tuesday,Weekday
4445114986,2016-05-11,1,499,530,8.316666666666666,8.833333333333334,2016,5,May,Wednesday,Weekday
4445114986,2016-05-12,1,483,501,8.05,8.35,2016,5,May,Thursday,Weekday
4558609924,2016-04-21,1,126,137,2.1,2.283333333333333,2016,4,April,Thursday,Weekday
4558609924,2016-04-26,1,103,121,1.7166666666666666,2.0166666666666666,2016,4,April,Tuesday,Weekday
4558609924,2016-04-29,1,171,179,2.85,2.9833333333333334,2016,4,April,Friday,Weekday
4558609924,2016-05-01,1,115,129,1.9166666666666667,2.15,2016,5,May,Sunday,Weekend
4558609924,2016-05-08,1,123,134,2.05,2.2333333333333334,2016,5,May,Sunday,Weekend
4702921684,2016-04-12,1,425,439,7.083333333333333,7.316666666666666,2016,4,April,Tuesday,Weekday
4702921684,2016-04-13,2,400,430,6.666666666666667,7.166666666666667,2016,4,April,Wednesday,Weekday
4702921684,2016-04-14,1,384,415,6.4,6.916666666666667,2016,4,April,Thursday,Weekday
4702921684,2016-04-15,1,253,257,4.216666666666667,4.283333333333333,2016,4,April,Friday,Weekday
4702921684,2016-04-16,2,382,406,6.366666666666666,6.766666666666667,2016,4,April,Saturday,Weekend
4702921684,2016-04-17,1,591,612,9.85,10.2,2016,4,April,Sunday,Weekend
4702921684,2016-04-18,1,293,312,4.883333333333334,5.2,2016,4,April,Monday,Weekday
4702921684,2016-04-19,1,457,487,7.616666666666666,8.116666666666667,2016,4,April,Tuesday,Weekday
4702921684,2016-04-20,1,454,468,7.566666666666666,7.8,2016,4,April,Wednesday,Weekday
4702921684,2016-04-21,1,425,434,7.083333333333333,7.233333333333333,2016,4,April,Thursday,Weekday
4702921684,2016-04-23,1,465,475,7.75,7.916666666666667,2016,4,April,Saturday,Weekend
4702921684,2016-04-24,1,480,506,8.0,8.433333333333334,2016,4,April,Sunday,Weekend
4702921684,2016-04-25,1,370,380,6.166666666666667,6.333333333333333,2016,4,April,Monday,Weekday
4702921684,2016-04-26,1,421,429,7.016666666666667,7.15,2016,4,April,Tuesday,Weekday
4702921684,2016-04-27,1,432,449,7.2,7.483333333333333,2016,4,April,Wednesday,Weekday
4702921684,2016-04-28,1,442,461,7.366666666666666,7.683333333333334,2016,4,April,Thursday,Weekday
4702921684,2016-04-29,1,433,447,7.216666666666667,7.45,2016,4,April,Friday,Weekday
4702921684,2016-04-30,1,479,501,7.983333333333333,8.35,2016,4,April,Saturday,Weekend
4702921684,2016-05-03,1,327,373,5.45,6.216666666666667,2016,5,May,Tuesday,Weekday
4702921684,2016-05-04,1,412,434,6.866666666666666,7.233333333333333,2016,5,May,Wednesday,Weekday
4702921684,2016-05-05,1,414,428,6.9,7.133333333333334,2016,5,May,Thursday,Weekday
4702921684,2016-05-06,1,404,449,6.733333333333333,7.483333333333333,2016,5,May,Friday,Weekday
4702921684,2016-05-07,1,520,543,8.666666666666666,9.05,2016,5,May,Saturday,Weekend
4702921684,2016-05-09,1,435,458,7.25,7.633333333333334,2016,5,May,Monday,Weekday
4702921684,2016-05-10,1,416,431,6.933333333333334,7.183333333333334,2016,5,May,Tuesday,Weekday
4702921684,2016-05-11,1,354,366,5.9,6.1,2016,5,May,Wednesday,Weekday
4702921684,2016-05-12,1,404,442,6.733333333333333,7.366666666666666,2016,5,May,Thursday,Weekday
5553957443,2016-04-12,1,441,464,7.35,7.733333333333333,2016,4,April,Tuesday,Weekday
5553957443,2016-04-13,2,455,488,7.583333333333333,8.133333333333333,2016,4,April,Wednesday,Weekday
5553957443,2016-04-14,1,357,418,5.95,6.966666666666667,2016,4,April,Thursday,Weekday
5553957443,2016-04-15,1,377,409,6.283333333333333,6.816666666666666,2016,4,April,Friday,Weekday
5553957443,2016-04-16,2,651,686,10.85,11.433333333333334,2016,4,April,Saturday,Weekend
5553957443,2016-04-17,1,350,402,5.833333333333333,6.7,2016,4,April,Sunday,Weekend
5553957443,2016-04-18,2,520,541,8.666666666666666,9.016666666666667,2016,4,April,Monday,Weekday
5553957443,2016-04-19,1,357,410,5.95,6.833333333333333,2016,4,April,Tuesday,Weekday
5553957443,2016-04-20,1,658,678,10.966666666666667,11.3,2016,4,April,Wednesday,Weekday
5553957443,2016-04-21,1,399,431,6.65,7.183333333333334,2016,4,April,Thursday,Weekday
5553957443,2016-04-22,1,322,353,5.366666666666666,5.883333333333334,2016,4,April,Friday,Weekday
5553957443,2016-04-23,2,631,725,10.516666666666667,12.083333333333334,2016,4,April,Saturday,Weekend
5553957443,2016-04-24,2,553,640,9.216666666666667,10.666666666666666,2016,4,April,Sunday,Weekend
5553957443,2016-04-25,1,433,468,7.216666666666667,7.8,2016,4,April,Monday,Weekday
5553957443,2016-04-26,1,412,453,6.866666666666666,7.55,2016,4,April,Tuesday,Weekday
5553957443,2016-04-27,1,347,391,5.783333333333333,6.516666666666667,2016,4,April,Wednesday,Weekday
5553957443,2016-04-28,1,421,457,7.016666666666667,7.616666666666666,2016,4,April,Thursday,Weekday
5553957443,2016-04-29,1,450,495,7.5,8.25,2016,4,April,Friday,Weekday
5553957443,2016-04-30,2,775,843,12.916666666666666,14.05,2016,4,April,Saturday,Weekend
5553957443,2016-05-01,2,622,686,10.366666666666667,11.433333333333334,2016,5,May,Sunday,Weekend
5553957443,2016-05-02,1,409,471,6.816666666666666,7.85,2016,5,May,Monday,Weekday
5553957443,2016-05-03,1,380,429,6.333333333333333,7.15,2016,5,May,Tuesday,Weekday
5553957443,2016-05-04,1,447,470,7.45,7.833333333333333,2016,5,May,Wednesday,Weekday
5553957443,2016-05-05,1,419,464,6.983333333333333,7.733333333333333,2016,5,May,Thursday,Weekday
5553957443,2016-05-06,1,400,434,6.666666666666667,7.233333333333333,2016,5,May,Friday,Weekday
5553957443,2016-05-07,1,442,470,7.366666666666666,7.833333333333333,2016,5,May,Saturday,Weekend
5553957443,2016-05-08,1,568,608,9.466666666666667,10.133333333333333,2016,5,May,Sunday,Weekend
5553957443,2016-05-09,1,453,494,7.55,8.233333333333333,2016,5,May,Monday,Weekday
5553957443,2016-05-10,1,418,443,6.966666666666667,7.383333333333334,2016,5,May,Tuesday,Weekday
5553957443,2016-05-11,1,463,486,7.716666666666667,8.1,2016,5,May,Wednesday,Weekday
5553957443,2016-05-12,1,438,475,7.3,7.916666666666667,2016,5,May,Thursday,Weekday
5577150313,2016-04-12,1,419,438,6.983333333333333,7.3,2016,4,April,Tuesday,Weekday
5577150313,2016-04-13,1,432,458,7.2,7.633333333333334,2016,4,April,Wednesday,Weekday
5577150313,2016-04-14,1,477,497,7.95,8.283333333333333,2016,4,April,Thursday,Weekday
5577150313,2016-04-15,1,392,413,6.533333333333333,6.883333333333334,2016,4,April,Friday,Weekday
5577150313,2016-04-16,1,406,445,6.766666666666667,7.416666666666667,2016,4,April,Saturday,Weekend
5577150313,2016-04-17,1,549,583,9.15,9.716666666666667,2016,4,April,Sunday,Weekend
5577150313,2016-04-18,1,527,553,8.783333333333333,9.216666666666667,2016,4,April,Monday,Weekday
5577150313,2016-04-19,1,449,465,7.483333333333333,7.75,2016,4,April,Tuesday,Weekday
5577150313,2016-04-20,1,447,480,7.45,8.0,2016,4,April,Wednesday,Weekday
5577150313,2016-04-21,1,414,437,6.9,7.283333333333333,2016,4,April,Thursday,Weekday
5577150313,2016-04-22,1,338,366,5.633333333333334,6.1,2016,4,April,Friday,Weekday
5577150313,2016-04-23,1,384,402,6.4,6.7,2016,4,April,Saturday,Weekend
5577150313,2016-04-24,1,543,615,9.05,10.25,2016,4,April,Sunday,Weekend
5577150313,2016-04-25,1,421,461,7.016666666666667,7.683333333333334,2016,4,April,Monday,Weekday
5577150313,2016-04-26,1,354,377,5.9,6.283333333333333,2016,4,April,Tuesday,Weekday
5577150313,2016-04-27,1,424,452,7.066666666666666,7.533333333333333,2016,4,April,Wednesday,Weekday
5577150313,2016-04-28,1,361,372,6.016666666666667,6.2,2016,4,April,Thursday,Weekday
5577150313,2016-04-29,1,459,485,7.65,8.083333333333334,2016,4,April,Friday,Weekday
5577150313,2016-04-30,1,412,433,6.866666666666666,7.216666666666667,2016,4,April,Saturday,Weekend
5577150313,2016-05-01,1,379,398,6.316666666666666,6.633333333333334,2016,5,May,Sunday,Weekend
5577150313,2016-05-02,2,525,553,8.75,9.216666666666667,2016,5,May,Monday,Weekday
5577150313,2016-05-03,1,508,543,8.466666666666667,9.05,2016,5,May,Tuesday,Weekday
5577150313,2016-05-04,1,603,634,10.05,10.566666666666666,2016,5,May,Wednesday,Weekday
5577150313,2016-05-05,1,74,78,1.2333333333333334,1.3,2016,5,May,Thursday,Weekday
5577150313,2016-05-10,1,504,562,8.4,9.366666666666667,2016,5,May,Tuesday,Weekday
5577150313,2016-05-11,1,431,476,7.183333333333334,7.933333333333334,2016,5,May,Wednesday,Weekday
6117666160,2016-04-16,1,380,398,6.333333333333333,6.633333333333334,2016,4,April,Saturday,Weekend
6117666160,2016-04-17,2,336,350,5.6,5.833333333333333,2016,4,April,Sunday,Weekend
6117666160,2016-04-18,2,493,510,8.216666666666667,8.5,2016,4,April,Monday,Weekday
6117666160,2016-04-19,1,465,492,7.75,8.2,2016,4,April,Tuesday,Weekday
6117666160,2016-04-20,1,474,502,7.9,8.366666666666667,2016,4,April,Wednesday,Weekday
6117666160,2016-04-21,1,508,550,8.466666666666667,9.166666666666666,2016,4,April,Thursday,Weekday
6117666160,2016-04-22,1,480,546,8.0,9.1,2016,4,April,Friday,Weekday
6117666160,2016-04-23,1,492,539,8.2,8.983333333333333,2016,4,April,Saturday,Weekend
6117666160,2016-04-24,1,353,367,5.883333333333334,6.116666666666666,2016,4,April,Sunday,Weekend
6117666160,2016-04-27,1,542,557,9.033333333333333,9.283333333333333,2016,4,April,Wednesday,Weekday
6117666160,2016-04-28,1,393,416,6.55,6.933333333333334,2016,4,April,Thursday,Weekday
6117666160,2016-04-29,1,600,636,10.0,10.6,2016,4,April,Friday,Weekday
6117666160,2016-05-01,1,507,575,8.45,9.583333333333334,2016,5,May,Sunday,Weekend
6117666160,2016-05-05,1,392,415,6.533333333333333,6.916666666666667,2016,5,May,Thursday,Weekday
6117666160,2016-05-06,2,658,698,10.966666666666667,11.633333333333333,2016,5,May,Friday,Weekday
6117666160,2016-05-07,2,498,507,8.3,8.45,2016,5,May,Saturday,Weekend
6117666160,2016-05-08,1,555,603,9.25,10.05,2016,5,May,Sunday,Weekend
6117666160,2016-05-09,1,492,522,8.2,8.7,2016,5,May,Monday,Weekday
6775888955,2016-04-13,1,235,260,3.9166666666666665,4.333333333333333,2016,4,April,Wednesday,Weekday
6775888955,2016-04-14,1,423,441,7.05,7.35,2016,4,April,Thursday,Weekday
6775888955,2016-04-15,1,391,406,6.516666666666667,6.766666666666667,2016,4,April,Friday,Weekday
6962181067,2016-04-12,1,366,387,6.1,6.45,2016,4,April,Tuesday,Weekday
6962181067,2016-04-13,3,630,679,10.5,11.316666666666666,2016,4,April,Wednesday,Weekday
6962181067,2016-04-14,2,508,535,8.466666666666667,8.916666666666666,2016,4,April,Thursday,Weekday
6962181067,2016-04-15,1,370,386,6.166666666666667,6.433333333333334,2016,4,April,Friday,Weekday
6962181067,2016-04-16,1,357,366,5.95,6.1,2016,4,April,Saturday,Weekend
6962181067,2016-04-17,1,427,446,7.116666666666666,7.433333333333334,2016,4,April,Sunday,Weekend
6962181067,2016-04-18,1,442,458,7.366666666666666,7.633333333333334,2016,4,April,Monday,Weekday
6962181067,2016-04-19,1,476,535,7.933333333333334,8.916666666666666,2016,4,April,Tuesday,Weekday
6962181067,2016-04-20,1,418,424,6.966666666666667,7.066666666666666,2016,4,April,Wednesday,Weekday
6962181067,2016-04-21,1,451,457,7.516666666666667,7.616666666666666,2016,4,April,Thursday,Weekday
6962181067,2016-04-22,1,425,435,7.083333333333333,7.25,2016,4,April,Friday,Weekday
6962181067,2016-04-23,1,528,546,8.8,9.1,2016,4,April,Saturday,Weekend
6962181067,2016-04-24,1,511,514,8.516666666666667,8.566666666666666,2016,4,April,Sunday,Weekend
6962181067,2016-04-25,1,400,415,6.666666666666667,6.916666666666667,2016,4,April,Monday,Weekday
6962181067,2016-04-26,1,441,446,7.35,7.433333333333334,2016,4,April,Tuesday,Weekday
6962181067,2016-04-27,1,455,467,7.583333333333333,7.783333333333333,2016,4,April,Wednesday,Weekday
6962181067,2016-04-28,1,440,453,7.333333333333333,7.55,2016,4,April,Thursday,Weekday
6962181067,2016-04-29,1,433,447,7.216666666666667,7.45,2016,4,April,Friday,Weekday
6962181067,2016-04-30,1,422,424,7.033333333333333,7.066666666666666,2016,4,April,Saturday,Weekend
6962181067,2016-05-01,1,411,426,6.85,7.1,2016,5,May,Sunday,Weekend
6962181067,2016-05-02,1,466,482,7.766666666666667,8.033333333333333,2016,5,May,Monday,Weekday
6962181067,2016-05-03,1,394,418,6.566666666666666,6.966666666666667,2016,5,May,Tuesday,Weekday
6962181067,2016-05-04,1,442,455,7.366666666666666,7.583333333333333,2016,5,May,Wednesday,Weekday
6962181067,2016-05-05,1,467,491,7.783333333333333,8.183333333333334,2016,5,May,Thursday,Weekday
6962181067,2016-05-06,1,443,462,7.383333333333334,7.7,2016,5,May,Friday,Weekday
6962181067,2016-05-07,1,298,334,4.966666666666667,5.566666666666666,2016,5,May,Saturday,Weekend
6962181067,2016-05-08,1,541,569,9.016666666666667,9.483333333333333,2016,5,May,Sunday,Weekend
6962181067,2016-05-09,1,489,497,8.15,8.283333333333333,2016,5,May,Monday,Weekday
6962181067,2016-05-10,1,469,481,7.816666666666666,8.016666666666667,2016,5,May,Tuesday,Weekday
6962181067,2016-05-11,1,452,480,7.533333333333333,8.0,2016,5,May,Wednesday,Weekday
6962181067,2016-05-12,1,516,535,8.6,8.916666666666666,2016,5,May,Thursday,Weekday
7007744171,2016-04-16,1,79,82,1.3166666666666667,1.3666666666666667,2016,4,April,Saturday,Weekend
7007744171,2016-05-01,1,58,61,0.9666666666666667,1.0166666666666666,2016,5,May,Sunday,Weekend
7086361926,2016-04-12,1,514,525,8.566666666666666,8.75,2016,4,April,Tuesday,Weekday
7086361926,2016-04-13,1,451,465,7.516666666666667,7.75,2016,4,April,Wednesday,Weekday
7086361926,2016-04-14,1,472,476,7.866666666666666,7.933333333333334,2016,4,April,Thursday,Weekday
7086361926,2016-04-15,1,377,386,6.283333333333333,6.433333333333334,2016,4,April,Friday,Weekday
7086361926,2016-04-19,1,472,483,7.866666666666666,8.05,2016,4,April,Tuesday,Weekday
7086361926,2016-04-20,1,492,502,8.2,8.366666666666667,2016,4,April,Wednesday,Weekday
7086361926,2016-04-21,1,390,411,6.5,6.85,2016,4,April,Thursday,Weekday
7086361926,2016-04-22,1,428,448,7.133333333333334,7.466666666666667,2016,4,April,Friday,Weekday
7086361926,2016-04-24,1,681,704,11.35,11.733333333333333,2016,4,April,Sunday,Weekend
7086361926,2016-04-25,1,446,447,7.433333333333334,7.45,2016,4,April,Monday,Weekday
7086361926,2016-04-26,1,485,500,8.083333333333334,8.333333333333334,2016,4,April,Tuesday,Weekday
7086361926,2016-04-27,1,469,479,7.816666666666666,7.983333333333333,2016,4,April,Wednesday,Weekday
7086361926,2016-04-28,1,354,367,5.9,6.116666666666666,2016,4,April,Thursday,Weekday
7086361926,2016-04-30,1,485,489,8.083333333333334,8.15,2016,4,April,Saturday,Weekend
7086361926,2016-05-01,1,388,407,6.466666666666667,6.783333333333333,2016,5,May,Sunday,Weekend
7086361926,2016-05-02,1,440,459,7.333333333333333,7.65,2016,5,May,Monday,Weekday
7086361926,2016-05-03,1,456,461,7.6,7.683333333333334,2016,5,May,Tuesday,Weekday
7086361926,2016-05-04,1,420,436,7.0,7.266666666666667,2016,5,May,Wednesday,Weekday
7086361926,2016-05-06,1,322,333,5.366666666666666,5.55,2016,5,May,Friday,Weekday
7086361926,2016-05-07,1,530,548,8.833333333333334,9.133333333333333,2016,5,May,Saturday,Weekend
7086361926,2016-05-08,1,481,510,8.016666666666667,8.5,2016,5,May,Sunday,Weekend
7086361926,2016-05-09,1,427,438,7.116666666666666,7.3,2016,5,May,Monday,Weekday
7086361926,2016-05-11,1,451,463,7.516666666666667,7.716666666666667,2016,5,May,Wednesday,Weekday
7086361926,2016-05-12,1,444,457,7.4,7.616666666666666,2016,5,May,Thursday,Weekday
8053475328,2016-04-20,1,486,493,8.1,8.216666666666667,2016,4,April,Wednesday,Weekday
8053475328,2016-04-23,1,331,337,5.516666666666667,5.616666666666666,2016,4,April,Saturday,Weekend
8053475328,2016-05-07,1,74,75,1.2333333333333334,1.25,2016,5,May,Saturday,Weekend
8378563200,2016-04-12,1,338,356,5.633333333333334,5.933333333333334,2016,4,April,Tuesday,Weekday
8378563200,2016-04-13,2,447,487,7.45,8.116666666666667,2016,4,April,Wednesday,Weekday
8378563200,2016-04-14,1,424,455,7.066666666666666,7.583333333333333,2016,4,April,Thursday,Weekday
8378563200,2016-04-15,1,513,533,8.55,8.883333333333333,2016,4,April,Friday,Weekday
8378563200,2016-04-16,2,611,689,10.183333333333334,11.483333333333333,2016,4,April,Saturday,Weekend
8378563200,2016-04-17,2,525,591,8.75,9.85,2016,4,April,Sunday,Weekend
8378563200,2016-04-18,1,398,451,6.633333333333334,7.516666666666667,2016,4,April,Monday,Weekday
8378563200,2016-04-19,1,387,421,6.45,7.016666666666667,2016,4,April,Tuesday,Weekday
8378563200,2016-04-20,1,381,409,6.35,6.816666666666666,2016,4,April,Wednesday,Weekday
8378563200,2016-04-21,1,396,417,6.6,6.95,2016,4,April,Thursday,Weekday
8378563200,2016-04-22,1,441,469,7.35,7.816666666666666,2016,4,April,Friday,Weekday
8378563200,2016-04-23,1,565,591,9.416666666666666,9.85,2016,4,April,Saturday,Weekend
8378563200,2016-04-24,1,458,492,7.633333333333334,8.2,2016,4,April,Sunday,Weekend
8378563200,2016-04-25,1,388,402,6.466666666666667,6.7,2016,4,April,Monday,Weekday
8378563200,2016-04-26,1,550,584,9.166666666666666,9.733333333333333,2016,4,April,Tuesday,Weekday
8378563200,2016-04-27,1,531,600,8.85,10.0,2016,4,April,Wednesday,Weekday
8378563200,2016-04-28,1,506,556,8.433333333333334,9.266666666666667,2016,4,April,Thursday,Weekday
8378563200,2016-04-29,1,527,562,8.783333333333333,9.366666666666667,2016,4,April,Friday,Weekday
8378563200,2016-04-30,1,468,555,7.8,9.25,2016,4,April,Saturday,Weekend
8378563200,2016-05-01,1,475,539,7.916666666666667,8.983333333333333,2016,5,May,Sunday,Weekend
8378563200,2016-05-02,1,351,385,5.85,6.416666666666667,2016,5,May,Monday,Weekday
8378563200,2016-05-03,1,405,429,6.75,7.15,2016,5,May,Tuesday,Weekday
8378563200,2016-05-04,1,441,477,7.35,7.95,2016,5,May,Wednesday,Weekday
8378563200,2016-05-05,1,381,417,6.35,6.95,2016,5,May,Thursday,Weekday
8378563200,2016-05-06,1,323,355,5.383333333333334,5.916666666666667,2016,5,May,Friday,Weekday
8378563200,2016-05-07,2,459,513,7.65,8.55,2016,5,May,Saturday,Weekend
8378563200,2016-05-08,1,545,606,9.083333333333334,10.1,2016,5,May,Sunday,Weekend
8378563200,2016-05-09,1,359,399,5.983333333333333,6.65,2016,5,May,Monday,Weekday
8378563200,2016-05-10,1,342,391,5.7,6.516666666666667,2016,5,May,Tuesday,Weekday
8378563200,2016-05-11,1,368,387,6.133333333333334,6.45,2016,5,May,Wednesday,Weekday
8378563200,2016-05-12,1,496,546,8.266666666666667,9.1,2016,5,May,Thursday,Weekday
8792009665,2016-04-12,1,458,493,7.633333333333334,8.216666666666667,2016,4,April,Tuesday,Weekday
8792009665,2016-04-13,1,531,552,8.85,9.2,2016,4,April,Wednesday,Weekday
8792009665,2016-04-14,1,486,503,8.1,8.383333333333333,2016,4,April,Thursday,Weekday
8792009665,2016-04-15,1,363,377,6.05,6.283333333333333,2016,4,April,Friday,Weekday
8792009665,2016-04-20,1,528,547,8.8,9.116666666666667,2016,4,April,Wednesday,Weekday
8792009665,2016-04-22,1,391,407,6.516666666666667,6.783333333333333,2016,4,April,Friday,Weekday
8792009665,2016-04-23,1,339,360,5.65,6.0,2016,4,April,Saturday,Weekend
8792009665,2016-04-27,1,423,428,7.05,7.133333333333334,2016,4,April,Wednesday,Weekday
8792009665,2016-04-28,1,402,416,6.7,6.933333333333334,2016,4,April,Thursday,Weekday
8792009665,2016-04-29,1,398,406,6.633333333333334,6.766666666666667,2016,4,April,Friday,Weekday
8792009665,2016-04-30,1,343,360,5.716666666666667,6.0,2016,4,April,Saturday,Weekend
8792009665,2016-05-01,1,503,527,8.383333333333333,8.783333333333333,2016,5,May,Sunday,Weekend
8792009665,2016-05-02,1,415,423,6.916666666666667,7.05,2016,5,May,Monday,Weekday
8792009665,2016-05-03,1,516,545,8.6,9.083333333333334,2016,5,May,Tuesday,Weekday
8792009665,2016-05-04,1,439,463,7.316666666666666,7.716666666666667,2016,5,May,Wednesday,Weekday
