table_name,column_name,data_type
activity_sleep,id,BIGINT
activity_sleep,activity_date,TIMESTAMP
activity_sleep,total_steps,BIGINT
activity_sleep,total_distance,DOUBLE
activity_sleep,very_active_minutes,BIGINT
activity_sleep,fairly_active_minutes,BIGINT
activity_sleep,lightly_active_minutes,BIGINT
activity_sleep,sedentary_minutes,BIGINT
activity_sleep,total_active_minutes,BIGINT
activity_sleep,calories,BIGINT
activity_sleep,complete_day,BOOLEAN
activity_sleep,zero_activity_day,BOOLEAN
activity_sleep,sleep_hours,DOUBLE
activity_sleep,time_in_bed_hours,DOUBLE
activity_sleep,total_sleep_records,BIGINT
activity_sleep,sleep_group,VARCHAR
activity_sleep,day_name,VARCHAR
activity_sleep,day_type,VARCHAR
daily_activity,id,BIGINT
daily_activity,activity_date,TIMESTAMP
daily_activity,total_steps,BIGINT
daily_activity,total_distance,DOUBLE
daily_activity,tracker_distance,DOUBLE
daily_activity,logged_activities_distance,DOUBLE
daily_activity,very_active_distance,DOUBLE
daily_activity,moderately_active_distance,DOUBLE
daily_activity,light_active_distance,DOUBLE
daily_activity,sedentary_active_distance,DOUBLE
daily_activity,very_active_minutes,BIGINT
daily_activity,fairly_active_minutes,BIGINT
daily_activity,lightly_active_minutes,BIGINT
daily_activity,sedentary_minutes,BIGINT
daily_activity,calories,BIGINT
daily_activity,year,BIGINT
daily_activity,month,BIGINT
daily_activity,month_name,VARCHAR
daily_activity,day,BIGINT
daily_activity,day_name,VARCHAR
daily_activity,day_type,VARCHAR
daily_activity,total_active_minutes,BIGINT
daily_activity,complete_day,BOOLEAN
daily_activity,zero_activity_day,BOOLEAN
hourly_activity,id,BIGINT
hourly_activity,activity_hour,TIMESTAMP
hourly_activity,calories,BIGINT
hourly_activity,total_intensity,BIGINT
hourly_activity,average_intensity,DOUBLE
hourly_activity,step_total,BIGINT
sleep_daily,id,BIGINT
sleep_daily,activity_date,TIMESTAMP
sleep_daily,total_sleep_records,BIGINT
sleep_daily,total_minutes_asleep,BIGINT
sleep_daily,total_time_in_bed,BIGINT
sleep_daily,sleep_hours,DOUBLE
sleep_daily,time_in_bed_hours,DOUBLE
sleep_daily,year,BIGINT
sleep_daily,month,BIGINT
sleep_daily,month_name,VARCHAR
sleep_daily,day_name,VARCHAR
sleep_daily,day_type,VARCHAR
